answer_in_page,domain,extract_chars_total,fetch_empty,fetch_failed,fetch_success,large_extract_100k,provider_id,result_count
0,en.wikipedia.org,0,0,0,0,0,brave,245
0,nobelprize.org,0,0,0,0,0,brave,110
0,privateequityinternational.com,0,0,0,0,0,brave,54
0,blog.google,0,0,0,0,0,brave,41
0,statista.com,0,0,0,0,0,brave,31
0,forbes.com,0,0,0,0,0,brave,31
0,wikiwand.com,0,0,0,0,0,brave,26
0,olympics.com,0,0,0,0,0,brave,26
0,facebook.com,0,0,0,0,0,brave,25
0,boxofficemojo.com,0,0,0,0,0,brave,25
0,reddit.com,0,0,0,0,0,brave,24
0,britannica.com,0,0,0,0,0,brave,23
0,goodreads.com,0,0,0,0,0,brave,23
0,instagram.com,0,0,0,0,0,brave,18
0,itu.int,0,0,0,0,0,brave,16
0,grokipedia.com,0,0,0,0,0,brave,16
0,transportation.gov,0,0,0,0,0,brave,16
0,data.un.org,0,0,0,0,0,brave,13
0,dotnet.microsoft.com,0,0,0,0,0,brave,13
0,lasd.org,0,0,0,0,0,brave,12
0,fao.org,0,0,0,0,0,brave,12
0,nature.com,0,0,0,0,0,brave,11
0,quora.com,0,0,0,0,0,brave,11
0,atptour.com,0,0,0,0,0,brave,11
0,worldometers.info,0,0,0,0,0,brave,11
0,tiktok.com,0,0,0,0,0,brave,11
0,who.int,0,0,0,0,0,brave,11
0,unstats.un.org,0,0,0,0,0,brave,11
0,learn.microsoft.com,0,0,0,0,0,brave,11
0,hoophall.com,0,0,0,0,0,brave,11
0,sciencedirect.com,0,0,0,0,0,brave,10
0,imdb.com,0,0,0,0,0,brave,10
0,wtatennis.com,0,0,0,0,0,brave,10
0,mcdonalds.vn,0,0,0,0,0,brave,10
0,swimswam.com,0,0,0,0,0,brave,10
0,jamieoliver.com,0,0,0,0,0,brave,10
0,statmuse.com,0,0,0,0,0,brave,10
0,chess.com,0,0,0,0,0,brave,8
0,olympedia.org,0,0,0,0,0,brave,8
0,businessinsider.com,0,0,0,0,0,brave,8
0,digittrix.com,0,0,0,0,0,brave,8
0,investopedia.com,0,0,0,0,0,brave,8
0,nytimes.com,0,0,0,0,0,brave,8
0,nhc.noaa.gov,0,0,0,0,0,brave,8
0,bts.gov,0,0,0,0,0,brave,8
0,youtube.com,0,0,0,0,0,brave,8
0,imf.org,0,0,0,0,0,brave,8
0,data.worldbank.org,0,0,0,0,0,brave,7
0,scribd.com,0,0,0,0,0,brave,7
0,espn.com,0,0,0,0,0,brave,7
0,deadline.com,0,0,0,0,0,brave,7
0,openknowledge.fao.org,0,0,0,0,0,brave,7
0,si.com,0,0,0,0,0,brave,7
0,pmc.ncbi.nlm.nih.gov,0,0,0,0,0,brave,7
0,the-numbers.com,0,0,0,0,0,brave,7
0,ourworldindata.org,0,0,0,0,0,brave,6
0,dauhomemade.vn,0,0,0,0,0,brave,6
0,fifa.com,0,0,0,0,0,brave,6
0,abcnews.go.com,0,0,0,0,0,brave,6
0,cdc.gov,0,0,0,0,0,brave,6
0,arxiv.org,0,0,0,0,0,brave,6
0,en.m.wikipedia.org,0,0,0,0,0,brave,6
0,visualcapitalist.com,0,0,0,0,0,brave,6
0,about.google,0,0,0,0,0,brave,6
0,khelnow.com,0,0,0,0,0,brave,5
0,swimmingworldmagazine.com,0,0,0,0,0,brave,5
0,yahoo.com,0,0,0,0,0,brave,5
0,math.stackexchange.com,0,0,0,0,0,brave,5
0,m.allfootballapp.com,0,0,0,0,0,brave,5
0,rottentomatoes.com,0,0,0,0,0,brave,5
0,screenrant.com,0,0,0,0,0,brave,5
0,rsssf.org,0,0,0,0,0,brave,5
0,vapassengerrailauthority.org,0,0,0,0,0,brave,5
0,kids.kiddle.co,0,0,0,0,0,brave,5
0,myswimsplits.com,0,0,0,0,0,brave,5
0,cdn.who.int,0,0,0,0,0,brave,5
0,awards.acm.org,0,0,0,0,0,brave,5
0,qeprize.org,0,0,0,0,0,brave,5
0,epa.gov,0,0,0,0,0,brave,5
0,basketball-reference.com,0,0,0,0,0,brave,5
0,medium.com,0,0,0,0,0,brave,4
0,tennis365.com,0,0,0,0,0,brave,4
0,guinnessworldrecords.com,0,0,0,0,0,brave,4
0,brandwatch.com,0,0,0,0,0,brave,4
0,weforum.org,0,0,0,0,0,brave,4
0,odmp.org,0,0,0,0,0,brave,4
0,editorial.rottentomatoes.com,0,0,0,0,0,brave,4
0,foxsports.com,0,0,0,0,0,brave,4
0,npr.org,0,0,0,0,0,brave,4
0,routenote.com,0,0,0,0,0,brave,4
0,indianexpress.com,0,0,0,0,0,brave,4
0,topuniversities.com,0,0,0,0,0,brave,4
0,topendsports.com,0,0,0,0,0,brave,4
0,arlingtonva.us,0,0,0,0,0,brave,4
0,rosap.ntl.bts.gov,0,0,0,0,0,brave,4
0,people.com,0,0,0,0,0,brave,4
0,worldaquatics.com,0,0,0,0,0,brave,4
0,yourswimlog.com,0,0,0,0,0,brave,4
0,census.gov,0,0,0,0,0,brave,4
0,epidemicsound.com,0,0,0,0,0,brave,4
0,in.gov,0,0,0,0,0,brave,4
0,media.privateequityinternational.com,0,0,0,0,0,brave,4
0,nvidianews.nvidia.com,0,0,0,0,0,brave,3
0,interestingengineering.com,0,0,0,0,0,brave,3
0,gilgitbaltistandiscoveries.com,0,0,0,0,0,brave,3
0,cdn5.f-cdn.com,0,0,0,0,0,brave,3
0,tripsavvy.com,0,0,0,0,0,brave,3
0,ishof.org,0,0,0,0,0,brave,3
0,eu.usatoday.com,0,0,0,0,0,brave,3
0,variety.com,0,0,0,0,0,brave,3
0,prayersandpiazzas.com,0,0,0,0,0,brave,3
0,dukesplus.com,0,0,0,0,0,brave,3
0,ebsco.com,0,0,0,0,0,brave,3
0,geeksforgeeks.org,0,0,0,0,0,brave,3
0,mojo-app.com,0,0,0,0,0,brave,3
0,japan.kantei.go.jp,0,0,0,0,0,brave,3
0,jagranjosh.com,0,0,0,0,0,brave,3
0,reuters.com,0,0,0,0,0,brave,3
0,vocal.media,0,0,0,0,0,brave,3
0,smarther.co,0,0,0,0,0,brave,3
0,drivemond.app,0,0,0,0,0,brave,3
0,bbc.com,0,0,0,0,0,brave,3
0,wanderlog.com,0,0,0,0,0,brave,3
0,mascience.com,0,0,0,0,0,brave,3
0,mnacommunity.com,0,0,0,0,0,brave,3
0,dealroom.net,0,0,0,0,0,brave,3
0,sourcescrub.com,0,0,0,0,0,brave,3
0,em360tech.com,0,0,0,0,0,brave,3
0,aljazeera.com,0,0,0,0,0,brave,3
0,theguardian.com,0,0,0,0,0,brave,3
0,shq.lasdnews.net,0,0,0,0,0,brave,3
0,indiastat.com,0,0,0,0,0,brave,3
0,sports.yahoo.com,0,0,0,0,0,brave,3
0,sportingnews.com,0,0,0,0,0,brave,3
0,astronomy.com,0,0,0,0,0,brave,3
0,sahitya-akademi.gov.in,0,0,0,0,0,brave,3
0,worldpopulationreview.com,0,0,0,0,0,brave,3
0,history.state.gov,0,0,0,0,0,brave,3
0,kaggle.com,0,0,0,0,0,brave,3
0,tennisworldusa.org,0,0,0,0,0,brave,3
0,usatoday.com,0,0,0,0,0,brave,3
0,fifaworldcupnews.com,0,0,0,0,0,brave,3
0,formula1.com,0,0,0,0,0,brave,3
0,formulaonehistory.com,0,0,0,0,0,brave,3
0,carlogos.org,0,0,0,0,0,brave,3
0,today.com,0,0,0,0,0,brave,3
0,yardbarker.com,0,0,0,0,0,brave,3
0,worldathletics.org,0,0,0,0,0,brave,3
0,cbc.ca,0,0,0,0,0,brave,3
0,foodlabelmaker.com,0,0,0,0,0,brave,3
0,fda.gov,0,0,0,0,0,brave,3
0,fsis.usda.gov,0,0,0,0,0,brave,3
0,canada.ca,0,0,0,0,0,brave,3
0,foodstandards.gov.au,0,0,0,0,0,brave,3
0,pathsocial.com,0,0,0,0,0,brave,3
0,mashable.com,0,0,0,0,0,brave,3
0,dexerto.com,0,0,0,0,0,brave,3
0,oldest.org,0,0,0,0,0,brave,3
0,kingdomofchess.com,0,0,0,0,0,brave,3
0,nba.com,0,0,0,0,0,brave,3
0,uproxx.com,0,0,0,0,0,brave,3
0,ratepunk.com,0,0,0,0,0,brave,3
0,datahub.itu.int,0,0,0,0,0,brave,2
0,datacenterknowledge.com,0,0,0,0,0,brave,2
0,ir.amd.com,0,0,0,0,0,brave,2
0,sciencedaily.com,0,0,0,0,0,brave,2
0,euronews.com,0,0,0,0,0,brave,2
0,anl.gov,0,0,0,0,0,brave,2
0,rankred.com,0,0,0,0,0,brave,2
0,livescience.com,0,0,0,0,0,brave,2
0,activetourspakistan.com,0,0,0,0,0,brave,2
0,altitudehimalaya.com,0,0,0,0,0,brave,2
0,publications.americanalpineclub.org,0,0,0,0,0,brave,2
0,actual-adventure.com,0,0,0,0,0,brave,2
0,summitpost.org,0,0,0,0,0,brave,2
0,nittoatpfinals.com,0,0,0,0,0,brave,2
0,tennisuptodate.com,0,0,0,0,0,brave,2
0,fide.com,0,0,0,0,0,brave,2
0,en.chessbase.com,0,0,0,0,0,brave,2
0,nbcolympics.com,0,0,0,0,0,brave,2
0,bakemag.com,0,0,0,0,0,brave,2
0,complex.com,0,0,0,0,0,brave,2
0,theglobeandmail.com,0,0,0,0,0,brave,2
0,theweek.com,0,0,0,0,0,brave,2
0,en-vols.com,0,0,0,0,0,brave,2
0,unibo.it,0,0,0,0,0,brave,2
0,worldunfolds.com,0,0,0,0,0,brave,2
0,brainly.com,0,0,0,0,0,brave,2
0,gimaths.com,0,0,0,0,0,brave,2
0,infinitylearn.com,0,0,0,0,0,brave,2
0,focustutoring.com,0,0,0,0,0,brave,2
0,socialtradia.com,0,0,0,0,0,brave,2
0,mediamister.com,0,0,0,0,0,brave,2
0,latimes.com,0,0,0,0,0,brave,2
0,getwidget.dev,0,0,0,0,0,brave,2
0,sctinfo.com,0,0,0,0,0,brave,2
0,sapphiresolutions.net,0,0,0,0,0,brave,2
0,grabon.in,0,0,0,0,0,brave,2
0,timesofindia.indiatimes.com,0,0,0,0,0,brave,2
0,naval-encyclopedia.com,0,0,0,0,0,brave,2
0,steamcommunity.com,0,0,0,0,0,brave,2
0,military-history.fandom.com,0,0,0,0,0,brave,2
0,wionews.com,0,0,0,0,0,brave,2
0,testbook.com,0,0,0,0,0,brave,2
0,darts501.com,0,0,0,0,0,brave,2
0,jackfruitadventure.com,0,0,0,0,0,brave,2
0,linkedin.com,0,0,0,0,0,brave,2
0,idealsvdr.com,0,0,0,0,0,brave,2
0,bolavip.com,0,0,0,0,0,brave,2
0,cnbc.com,0,0,0,0,0,brave,2
0,abc7news.com,0,0,0,0,0,brave,2
0,abc7.com,0,0,0,0,0,brave,2
0,abc7chicago.com,0,0,0,0,0,brave,2
0,hollywoodreporter.com,0,0,0,0,0,brave,2
0,grammy.com,0,0,0,0,0,brave,2
0,billboard.com,0,0,0,0,0,brave,2
0,artsy.net,0,0,0,0,0,brave,2
0,foxbusiness.com,0,0,0,0,0,brave,2
0,laspa.org,0,0,0,0,0,brave,2
0,sheriff33.lasd.org,0,0,0,0,0,brave,2
0,washingtonpost.com,0,0,0,0,0,brave,2
0,vietnamnet.vn,0,0,0,0,0,brave,2
0,papercopilot.com,0,0,0,0,0,brave,2
0,screendaily.com,0,0,0,0,0,brave,2
0,en.namu.wiki,0,0,0,0,0,brave,2
0,thesefootballtimes.co,0,0,0,0,0,brave,2
0,indiatimes.com,0,0,0,0,0,brave,2
0,onlinelibrary.wiley.com,0,0,0,0,0,brave,2
0,southasiacommons.net,0,0,0,0,0,brave,2
0,unesdoc.unesco.org,0,0,0,0,0,brave,2
0,ranker.com,0,0,0,0,0,brave,2
0,nbcdfw.com,0,0,0,0,0,brave,2
0,socialblade.com,0,0,0,0,0,brave,2
0,federalreservehistory.org,0,0,0,0,0,brave,2
0,studential.com,0,0,0,0,0,brave,2
0,calmatters.org,0,0,0,0,0,brave,2
0,tennisstats.com,0,0,0,0,0,brave,2
0,usopen.org,0,0,0,0,0,brave,2
0,shereadsromancebooks.com,0,0,0,0,0,brave,2
0,munichre.com,0,0,0,0,0,brave,2
0,yaleclimateconnections.org,0,0,0,0,0,brave,2
0,witn.com,0,0,0,0,0,brave,2
0,news.un.org,0,0,0,0,0,brave,2
0,inmusicblog.com,0,0,0,0,0,brave,2
0,challenges.wolframcloud.com,0,0,0,0,0,brave,2
0,novagateway.org,0,0,0,0,0,brave,2
0,transtats.bts.gov,0,0,0,0,0,brave,2
0,neogol.com,0,0,0,0,0,brave,2
0,transfermarkt.com,0,0,0,0,0,brave,2
0,motorsportmagazine.com,0,0,0,0,0,brave,2
0,ladbrokes.com,0,0,0,0,0,brave,2
0,f1oversteer.com,0,0,0,0,0,brave,2
0,cafonline.com,0,0,0,0,0,brave,2
0,liveabout.com,0,0,0,0,0,brave,2
0,music.youtube.com,0,0,0,0,0,brave,2
0,plumvillage.org,0,0,0,0,0,brave,2
0,m.youtube.com,0,0,0,0,0,brave,2
0,deerparkmonastery.org,0,0,0,0,0,brave,2
0,tvinsider.com,0,0,0,0,0,brave,2
0,india.fandom.com,0,0,0,0,0,brave,2
0,kaitlynandtimothy.com,0,0,0,0,0,brave,2
0,immunizationdata.who.int,0,0,0,0,0,brave,2
0,unicef.org,0,0,0,0,0,brave,2
0,thelancet.com,0,0,0,0,0,brave,2
0,news.cgtn.com,0,0,0,0,0,brave,2
0,food.gov.uk,0,0,0,0,0,brave,2
0,inspection.canada.ca,0,0,0,0,0,brave,2
0,scmp.com,0,0,0,0,0,brave,2
0,cfr.org,0,0,0,0,0,brave,2
0,congress.gov,0,0,0,0,0,brave,2
0,globalbiodefense.com,0,0,0,0,0,brave,2
0,koimoi.com,0,0,0,0,0,brave,2
0,allure.com,0,0,0,0,0,brave,2
0,teenvogue.com,0,0,0,0,0,brave,2
0,notcommon.com,0,0,0,0,0,brave,2
0,hypeauditor.com,0,0,0,0,0,brave,2
0,addall.com,0,0,0,0,0,brave,2
0,booknotification.com,0,0,0,0,0,brave,2
0,mostrecommendedbooks.com,0,0,0,0,0,brave,2
0,bookseriesinorder.com,0,0,0,0,0,brave,2
0,readupnext.com,0,0,0,0,0,brave,2
0,amazon.com,0,0,0,0,0,brave,2
0,ghgdata.epa.gov,0,0,0,0,0,brave,2
0,environmentamerica.org,0,0,0,0,0,brave,2
0,climatepolicydashboard.org,0,0,0,0,0,brave,2
0,chesswizards.com,0,0,0,0,0,brave,2
0,english.elpais.com,0,0,0,0,0,brave,2
0,m2comms.com,0,0,0,0,0,brave,2
0,climatecentral.org,0,0,0,0,0,brave,2
0,landofbasketball.com,0,0,0,0,0,brave,2
0,lofficielusa.com,0,0,0,0,0,brave,2
0,m.statisticstimes.com,0,0,0,0,0,brave,2
0,engine.com,0,0,0,0,0,brave,2
0,msn.com,0,0,0,0,0,brave,2
0,costar.com,0,0,0,0,0,brave,2
0,oysterlink.com,0,0,0,0,0,brave,2
0,academia.edu,0,0,0,0,0,brave,1
0,one.oecd.org,0,0,0,0,0,brave,1
0,indexmundi.com,0,0,0,0,0,brave,1
0,nationmaster.com,0,0,0,0,0,brave,1
0,theglobaleconomy.com,0,0,0,0,0,brave,1
0,destatis.de,0,0,0,0,0,brave,1
0,aimagazine.com,0,0,0,0,0,brave,1
0,newscientist.com,0,0,0,0,0,brave,1
0,science.org,0,0,0,0,0,brave,1
0,ornl.gov,0,0,0,0,0,brave,1
0,worldostats.com,0,0,0,0,0,brave,1
0,towerfast.com,0,0,0,0,0,brave,1
0,futuretimeline.net,0,0,0,0,0,brave,1
0,adventurepakistan.com,0,0,0,0,0,brave,1
0,encyclopedia.pub,0,0,0,0,0,brave,1
0,landoftennis.com,0,0,0,0,0,brave,1
0,marca.com,0,0,0,0,0,brave,1
0,grandslamhistory.com,0,0,0,0,0,brave,1
0,sofascore.com,0,0,0,0,0,brave,1
0,tennis.com,0,0,0,0,0,brave,1
0,live-tennis.eu,0,0,0,0,0,brave,1
0,lta.org.uk,0,0,0,0,0,brave,1
0,chesschampion.com,0,0,0,0,0,brave,1
0,edubilla.com,0,0,0,0,0,brave,1
0,alchetron.com,0,0,0,0,0,brave,1
0,teamusa.com,0,0,0,0,0,brave,1
0,informationcradle.com,0,0,0,0,0,brave,1
0,capitolweekly.net,0,0,0,0,0,brave,1
0,kids.britannica.com,0,0,0,0,0,brave,1
0,globalsportmatters.com,0,0,0,0,0,brave,1
0,prnewswire.com,0,0,0,0,0,brave,1
0,apcaindia.com,0,0,0,0,0,brave,1
0,bakeryandsnacks.com,0,0,0,0,0,brave,1
0,wannabetvchefoldblogposts.wordpress.com,0,0,0,0,0,brave,1
0,pastryteamusa.com,0,0,0,0,0,brave,1
0,thewrap.com,0,0,0,0,0,brave,1
0,unife.it,0,0,0,0,0,brave,1
0,ian.umces.edu,0,0,0,0,0,brave,1
0,oxfordscholastica.com,0,0,0,0,0,brave,1
0,confinity.com,0,0,0,0,0,brave,1
0,idealista.it,0,0,0,0,0,brave,1
0,aleteia.org,0,0,0,0,0,brave,1
0,mathweb.ucsd.edu,0,0,0,0,0,brave,1
0,mathoverflow.net,0,0,0,0,0,brave,1
0,bhanzu.com,0,0,0,0,0,brave,1
0,nrich.maths.org,0,0,0,0,0,brave,1
0,byjus.com,0,0,0,0,0,brave,1
0,math.answers.com,0,0,0,0,0,brave,1
0,socialboosting.com,0,0,0,0,0,brave,1
0,threads.com,0,0,0,0,0,brave,1
0,bbc.co.uk,0,0,0,0,0,brave,1
0,japantimes.co.jp,0,0,0,0,0,brave,1
0,upi.com,0,0,0,0,0,brave,1
0,theatlantic.com,0,0,0,0,0,brave,1
0,asahi.com,0,0,0,0,0,brave,1
0,inventiva.co.in,0,0,0,0,0,brave,1
0,play.google.com,0,0,0,0,0,brave,1
0,scmgalaxy.com,0,0,0,0,0,brave,1
0,warsearcher.com,0,0,0,0,0,brave,1
0,militaryfactory.com,0,0,0,0,0,brave,1
0,dailypassport.com,0,0,0,0,0,brave,1
0,indiatoday.in,0,0,0,0,0,brave,1
0,fairbd.net,0,0,0,0,0,brave,1
0,worldatlas.com,0,0,0,0,0,brave,1
0,seasia.co,0,0,0,0,0,brave,1
0,dartsnews.com,0,0,0,0,0,brave,1
0,sporcle.com,0,0,0,0,0,brave,1
0,pdc.tv,0,0,0,0,0,brave,1
0,world-of-darts.fandom.com,0,0,0,0,0,brave,1
0,bun-dau-homemade.wheree.com,0,0,0,0,0,brave,1
0,b-n-u-m-m-t-m-qu.wheree.com,0,0,0,0,0,brave,1
0,govntravel.com,0,0,0,0,0,brave,1
0,ftripvietnam.com,0,0,0,0,0,brave,1
0,lilystravelagency.com,0,0,0,0,0,brave,1
0,armamentresearch.com,0,0,0,0,0,brave,1
0,tank-afv.com,0,0,0,0,0,brave,1
0,warhistoryonline.com,0,0,0,0,0,brave,1
0,governmentattic.org,0,0,0,0,0,brave,1
0,athlonoutdoors.com,0,0,0,0,0,brave,1
0,fabrikbrands.com,0,0,0,0,0,brave,1
0,allegrow.com,0,0,0,0,0,brave,1
0,dataroom-providers.org,0,0,0,0,0,brave,1
0,skysports.com,0,0,0,0,0,brave,1
0,timesunion.com,0,0,0,0,0,brave,1
0,politico.com,0,0,0,0,0,brave,1
0,globaltimes.cn,0,0,0,0,0,brave,1
0,cnn.com,0,0,0,0,0,brave,1
0,thenewstribune.com,0,0,0,0,0,brave,1
0,coronavirus.jhu.edu,0,0,0,0,0,brave,1
0,zeenews.india.com,0,0,0,0,0,brave,1
0,abc30.com,0,0,0,0,0,brave,1
0,nbcnews.com,0,0,0,0,0,brave,1
0,fintechmagazine.com,0,0,0,0,0,brave,1
0,paymentology.com,0,0,0,0,0,brave,1
0,connectpay.com,0,0,0,0,0,brave,1
0,verifiedmarketresearch.com,0,0,0,0,0,brave,1
0,imarcgroup.com,0,0,0,0,0,brave,1
0,clearlypayments.com,0,0,0,0,0,brave,1
0,corebt.com,0,0,0,0,0,brave,1
0,quartr.com,0,0,0,0,0,brave,1
0,popvortex.com,0,0,0,0,0,brave,1
0,cincinnati.com,0,0,0,0,0,brave,1
0,contemporaryartissue.com,0,0,0,0,0,brave,1
0,fadmagazine.com,0,0,0,0,0,brave,1
0,artnews.com,0,0,0,0,0,brave,1
0,hasta-standrews.com,0,0,0,0,0,brave,1
0,theartnewspaper.com,0,0,0,0,0,brave,1
0,wp.sbcounty.gov,0,0,0,0,0,brave,1
0,theverge.com,0,0,0,0,0,brave,1
0,documents1.worldbank.org,0,0,0,0,0,brave,1
0,fertilizer.org,0,0,0,0,0,brave,1
0,card.iastate.edu,0,0,0,0,0,brave,1
0,unctad.org,0,0,0,0,0,brave,1
0,jstor.org,0,0,0,0,0,brave,1
0,richtmann.org,0,0,0,0,0,brave,1
0,adnchronicles.org,0,0,0,0,0,brave,1
0,e.vnexpress.net,0,0,0,0,0,brave,1
0,web.ecreee.org,0,0,0,0,0,brave,1
0,cerf.un.org,0,0,0,0,0,brave,1
0,the88project.org,0,0,0,0,0,brave,1
0,en.vietnamplus.vn,0,0,0,0,0,brave,1
0,openaccept.org,0,0,0,0,0,brave,1
0,sites.gatech.edu,0,0,0,0,0,brave,1
0,aclanthology.org,0,0,0,0,0,brave,1
0,forum.cspaper.org,0,0,0,0,0,brave,1
0,github.com,0,0,0,0,0,brave,1
0,2024.emnlp.org,0,0,0,0,0,brave,1
0,aclweb.org,0,0,0,0,0,brave,1
0,x.com,0,0,0,0,0,brave,1
0,koreatimes.co.kr,0,0,0,0,0,brave,1
0,koreaherald.com,0,0,0,0,0,brave,1
0,busanpedia.com,0,0,0,0,0,brave,1
0,koreanfilm.or.kr,0,0,0,0,0,brave,1
0,sportsdunia.com,0,0,0,0,0,brave,1
0,editorialadmin.rottentomatoes.com,0,0,0,0,0,brave,1
0,mlb.com,0,0,0,0,0,brave,1
0,pnas.org,0,0,0,0,0,brave,1
0,swri.org,0,0,0,0,0,brave,1
0,esa.int,0,0,0,0,0,brave,1
0,hou.usra.edu,0,0,0,0,0,brave,1
0,space.com,0,0,0,0,0,brave,1
0,academic.oup.com,0,0,0,0,0,brave,1
0,watchers.news,0,0,0,0,0,brave,1
0,mumbaiqueerfest.com,0,0,0,0,0,brave,1
0,filmfreeway.com,0,0,0,0,0,brave,1
0,watchmojo.com,0,0,0,0,0,brave,1
0,digitaltrends.com,0,0,0,0,0,brave,1
0,maestra.ai,0,0,0,0,0,brave,1
0,ballotpedia.org,0,0,0,0,0,brave,1
0,pewresearch.org,0,0,0,0,0,brave,1
0,axios.com,0,0,0,0,0,brave,1
0,ine.org.pl,0,0,0,0,0,brave,1
0,reference.org,0,0,0,0,0,brave,1
0,nationalgeographic.com,0,0,0,0,0,brave,1
0,oanda.com,0,0,0,0,0,brave,1
0,goldmansachs.com,0,0,0,0,0,brave,1
0,internationalbanker.com,0,0,0,0,0,brave,1
0,corporatefinanceinstitute.com,0,0,0,0,0,brave,1
0,bautisfinancial.com,0,0,0,0,0,brave,1
0,poetsandquantsforundergrads.com,0,0,0,0,0,brave,1
0,fox10phoenix.com,0,0,0,0,0,brave,1
0,eu.courier-journal.com,0,0,0,0,0,brave,1
0,news.rice.edu,0,0,0,0,0,brave,1
0,thebiglead.com,0,0,0,0,0,brave,1
0,qs.com,0,0,0,0,0,brave,1
0,vhtc.org,0,0,0,0,0,brave,1
0,cfeuk.com,0,0,0,0,0,brave,1
0,missionaccepted.international,0,0,0,0,0,brave,1
0,poetsandquants.com,0,0,0,0,0,brave,1
0,fox13seattle.com,0,0,0,0,0,brave,1
0,economictimes.indiatimes.com,0,0,0,0,0,brave,1
0,deseret.com,0,0,0,0,0,brave,1
0,pbs.org,0,0,0,0,0,brave,1
0,e-education.psu.edu,0,0,0,0,0,brave,1
0,fire.ca.gov,0,0,0,0,0,brave,1
0,biologicaldiversity.org,0,0,0,0,0,brave,1
0,frontlinewildfire.com,0,0,0,0,0,brave,1
0,farmonaut.com,0,0,0,0,0,brave,1
0,databank.worldbank.org,0,0,0,0,0,brave,1
0,population.un.org,0,0,0,0,0,brave,1
0,nationsonline.org,0,0,0,0,0,brave,1
0,ined.fr,0,0,0,0,0,brave,1
0,en.as.com,0,0,0,0,0,brave,1
0,puntodebreak.com,0,0,0,0,0,brave,1
0,fanon-kingdom.fandom.com,0,0,0,0,0,brave,1
0,m.imdb.com,0,0,0,0,0,brave,1
0,2danicritic.github.io,0,0,0,0,0,brave,1
0,whats-on-netflix.com,0,0,0,0,0,brave,1
0,bingeclock.com,0,0,0,0,0,brave,1
0,befreed.ai,0,0,0,0,0,brave,1
0,listchallenges.com,0,0,0,0,0,brave,1
0,fictiondb.com,0,0,0,0,0,brave,1
0,isfdb.org,0,0,0,0,0,brave,1
0,convoyofhope.org,0,0,0,0,0,brave,1
0,metoffice.gov.uk,0,0,0,0,0,brave,1
0,commercial.allianz.com,0,0,0,0,0,brave,1
0,earthsky.org,0,0,0,0,0,brave,1
0,wusf.org,0,0,0,0,0,brave,1
0,chartmasters.org,0,0,0,0,0,brave,1
0,newsroom.spotify.com,0,0,0,0,0,brave,1
0,driveresearch.com,0,0,0,0,0,brave,1
0,algo.monster,0,0,0,0,0,brave,1
0,blog.tanyakhovanova.com,0,0,0,0,0,brave,1
0,oeis.org,0,0,0,0,0,brave,1
0,puzzling.stackexchange.com,0,0,0,0,0,brave,1
0,storyofmathematics.com,0,0,0,0,0,brave,1
0,reference.wolfram.com,0,0,0,0,0,brave,1
0,csmonitor.com,0,0,0,0,0,brave,1
0,sk.sagepub.com,0,0,0,0,0,brave,1
0,storymaps.arcgis.com,0,0,0,0,0,brave,1
0,masstransitmag.com,0,0,0,0,0,brave,1
0,commuterpage.com,0,0,0,0,0,brave,1
0,nrvrc.org,0,0,0,0,0,brave,1
0,geodata.bts.gov,0,0,0,0,0,brave,1
0,railroads.dot.gov,0,0,0,0,0,brave,1
0,arlingtontransit.com,0,0,0,0,0,brave,1
0,catalog.data.gov,0,0,0,0,0,brave,1
0,drpt.virginia.gov,0,0,0,0,0,brave,1
0,sportstar.thehindu.com,0,0,0,0,0,brave,1
0,planetfootball.com,0,0,0,0,0,brave,1
0,filmora.wondershare.com,0,0,0,0,0,brave,1
0,mobiledady.com,0,0,0,0,0,brave,1
0,kworb.net,0,0,0,0,0,brave,1
0,stackinfluence.com,0,0,0,0,0,brave,1
0,youtube.fandom.com,0,0,0,0,0,brave,1
0,motorsporttickets.com,0,0,0,0,0,brave,1
0,filmsite.org,0,0,0,0,0,brave,1
0,dev-housing.rice.edu,0,0,0,0,0,brave,1
0,bellanaija.com,0,0,0,0,0,brave,1
0,therichest.com,0,0,0,0,0,brave,1
0,justjared.com,0,0,0,0,0,brave,1
0,boxofficehype.com,0,0,0,0,0,brave,1
0,nexus.miraheze.org,0,0,0,0,0,brave,1
0,universal-pictures.fandom.com,0,0,0,0,0,brave,1
0,animationmagazine.net,0,0,0,0,0,brave,1
0,ktvz.com,0,0,0,0,0,brave,1
0,nationalworld.com,0,0,0,0,0,brave,1
0,sports.betmgm.ca,0,0,0,0,0,brave,1
0,kiro7.com,0,0,0,0,0,brave,1
0,tsemrinpoche.com,0,0,0,0,0,brave,1
0,tnhtalks.org,0,0,0,0,0,brave,1
0,outrageandoptimism.org,0,0,0,0,0,brave,1
0,escholarship.org,0,0,0,0,0,brave,1
0,networks.h-net.org,0,0,0,0,0,brave,1
0,scholarworks.lib.csusb.edu,0,0,0,0,0,brave,1
0,thuvienhoasen.org,0,0,0,0,0,brave,1
0,factsanddetails.com,0,0,0,0,0,brave,1
0,news.vietnamembassy-usa.org,0,0,0,0,0,brave,1
0,vietnamembassy-usa.org,0,0,0,0,0,brave,1
0,tasteofcountry.com,0,0,0,0,0,brave,1
0,americansongwriter.com,0,0,0,0,0,brave,1
0,parade.com,0,0,0,0,0,brave,1
0,adomantra.com,0,0,0,0,0,brave,1
0,salestools.io,0,0,0,0,0,brave,1
0,aspireapp.com,0,0,0,0,0,brave,1
0,breakingasia.com,0,0,0,0,0,brave,1
0,usgs.gov,0,0,0,0,0,brave,1
0,agupubs.onlinelibrary.wiley.com,0,0,0,0,0,brave,1
0,link.springer.com,0,0,0,0,0,brave,1
0,etonline.com,0,0,0,0,0,brave,1
0,nbc.com,0,0,0,0,0,brave,1
0,givemesport.com,0,0,0,0,0,brave,1
0,beinsports.com,0,0,0,0,0,brave,1
0,bleacherreport.com,0,0,0,0,0,brave,1
0,brobible.com,0,0,0,0,0,brave,1
0,vanguardngr.com,0,0,0,0,0,brave,1
0,en.dharmapedia.net,0,0,0,0,0,brave,1
0,elearning.raghunathpurcollege.ac.in,0,0,0,0,0,brave,1
0,languagebird.com,0,0,0,0,0,brave,1
0,hrb.ie,0,0,0,0,0,brave,1
0,healthmanager.ie,0,0,0,0,0,brave,1
0,drugsandalcohol.ie,0,0,0,0,0,brave,1
0,irishpharmacist.ie,0,0,0,0,0,brave,1
0,imt.ie,0,0,0,0,0,brave,1
0,jadd.ie,0,0,0,0,0,brave,1
0,rutlandcentre.ie,0,0,0,0,0,brave,1
0,sg.trip.com,0,0,0,0,0,brave,1
0,vespaagogo.com,0,0,0,0,0,brave,1
0,lemon8-app.com,0,0,0,0,0,brave,1
0,apps.who.int,0,0,0,0,0,brave,1
0,emro.who.int,0,0,0,0,0,brave,1
0,apulanta.fi,0,0,0,0,0,brave,1
0,olympicchannel.com,0,0,0,0,0,brave,1
0,bodysize.org,0,0,0,0,0,brave,1
0,peoplepill.com,0,0,0,0,0,brave,1
0,sportsmatik.com,0,0,0,0,0,brave,1
0,instamixglobal.com,0,0,0,0,0,brave,1
0,en-academic.com,0,0,0,0,0,brave,1
0,pantheon.world,0,0,0,0,0,brave,1
0,olympics.com.au,0,0,0,0,0,brave,1
0,stabroeknews.com,0,0,0,0,0,brave,1
0,baike.baidu.com,0,0,0,0,0,brave,1
0,explorenetworth.com,0,0,0,0,0,brave,1
0,swimming.ca,0,0,0,0,0,brave,1
0,redbull.com,0,0,0,0,0,brave,1
0,tsn.ca,0,0,0,0,0,brave,1
0,allergymenu.app,0,0,0,0,0,brave,1
0,klipspringer.com,0,0,0,0,0,brave,1
0,food-safety.com,0,0,0,0,0,brave,1
0,percipio-training.co.uk,0,0,0,0,0,brave,1
0,whatisedible.com,0,0,0,0,0,brave,1
0,bidfood.co.uk,0,0,0,0,0,brave,1
0,menuguide.pro,0,0,0,0,0,brave,1
0,fooddocs.com,0,0,0,0,0,brave,1
0,eurofinsus.com,0,0,0,0,0,brave,1
0,florida-allergy.com,0,0,0,0,0,brave,1
0,registrarcorp.com,0,0,0,0,0,brave,1
0,active.inspection.gc.ca,0,0,0,0,0,brave,1
0,probeit.ca,0,0,0,0,0,brave,1
0,cpma.ca,0,0,0,0,0,brave,1
0,foodhandlercanada.com,0,0,0,0,0,brave,1
0,agriculture.gov.au,0,0,0,0,0,brave,1
0,health.qld.gov.au,0,0,0,0,0,brave,1
0,sahealth.sa.gov.au,0,0,0,0,0,brave,1
0,health.wa.gov.au,0,0,0,0,0,brave,1
0,correctfoodsystems.com.au,0,0,0,0,0,brave,1
0,fas.usda.gov,0,0,0,0,0,brave,1
0,creatrip.com,0,0,0,0,0,brave,1
0,evrimagaci.org,0,0,0,0,0,brave,1
0,letterboxd.com,0,0,0,0,0,brave,1
0,movieweb.com,0,0,0,0,0,brave,1
0,soompi.com,0,0,0,0,0,brave,1
0,unwomen.org,0,0,0,0,0,brave,1
0,genderdata.worldbank.org,0,0,0,0,0,brave,1
0,ipu.org,0,0,0,0,0,brave,1
0,sgp.fas.org,0,0,0,0,0,brave,1
0,apnews.com,0,0,0,0,0,brave,1
0,hola.com,0,0,0,0,0,brave,1
0,nzherald.co.nz,0,0,0,0,0,brave,1
0,ndtv.com,0,0,0,0,0,brave,1
0,the-independent.com,0,0,0,0,0,brave,1
0,abc.net.au,0,0,0,0,0,brave,1
0,www2.census.gov,0,0,0,0,0,brave,1
0,carsey.unh.edu,0,0,0,0,0,brave,1
0,sparkmap.org,0,0,0,0,0,brave,1
0,pubmed.ncbi.nlm.nih.gov,0,0,0,0,0,brave,1
0,ecdc.europa.eu,0,0,0,0,0,brave,1
0,journals.lww.com,0,0,0,0,0,brave,1
0,cidrap.umn.edu,0,0,0,0,0,brave,1
0,thehealththread.com,0,0,0,0,0,brave,1
0,amworldgroup.com,0,0,0,0,0,brave,1
0,goldderby.com,0,0,0,0,0,brave,1
0,thedirect.com,0,0,0,0,0,brave,1
0,tooldex.org,0,0,0,0,0,brave,1
0,hotels.com,0,0,0,0,0,brave,1
0,feelingvegas.com,0,0,0,0,0,brave,1
0,thestrat.com,0,0,0,0,0,brave,1
0,vegasadvantage.com,0,0,0,0,0,brave,1
0,westgateresorts.com,0,0,0,0,0,brave,1
0,largest.org,0,0,0,0,0,brave,1
0,fontainebleaulasvegas.com,0,0,0,0,0,brave,1
0,easy.vegas,0,0,0,0,0,brave,1
0,technologyreview.com,0,0,0,0,0,brave,1
0,vinfutureprize.org,0,0,0,0,0,brave,1
0,srinstitute.utoronto.ca,0,0,0,0,0,brave,1
0,nyu.edu,0,0,0,0,0,brave,1
0,raeng.org.uk,0,0,0,0,0,brave,1
0,harpersbazaar.com,0,0,0,0,0,brave,1
0,minter.io,0,0,0,0,0,brave,1
0,glamour.com,0,0,0,0,0,brave,1
0,whereig.com,0,0,0,0,0,brave,1
0,odu.edu,0,0,0,0,0,brave,1
0,theconversation.com,0,0,0,0,0,brave,1
0,architectureofthegames.net,0,0,0,0,0,brave,1
0,sports.stackexchange.com,0,0,0,0,0,brave,1
0,gmatclub.com,0,0,0,0,0,brave,1
0,dashsocial.com,0,0,0,0,0,brave,1
0,creatorsjet.com,0,0,0,0,0,brave,1
0,noxinfluencer.com,0,0,0,0,0,brave,1
0,books2door.com,0,0,0,0,0,brave,1
0,calgary.bibliocommons.com,0,0,0,0,0,brave,1
0,booksonboard.com,0,0,0,0,0,brave,1
0,gov.uk,0,0,0,0,0,brave,1
0,yourstudent-gemini.fandom.com,0,0,0,0,0,brave,1
0,mykhel.com,0,0,0,0,0,brave,1
0,sportsnerdy.com,0,0,0,0,0,brave,1
0,wfyi.org,0,0,0,0,0,brave,1
0,eia.gov,0,0,0,0,0,brave,1
0,fred.stlouisfed.org,0,0,0,0,0,brave,1
0,cfpub.epa.gov,0,0,0,0,0,brave,1
0,firstpost.com,0,0,0,0,0,brave,1
0,blog.inedo.com,0,0,0,0,0,brave,1
0,devblogs.microsoft.com,0,0,0,0,0,brave,1
0,infoq.com,0,0,0,0,0,brave,1
0,victorfrye.com,0,0,0,0,0,brave,1
0,tuxcare.com,0,0,0,0,0,brave,1
0,versionlog.com,0,0,0,0,0,brave,1
0,dec.org.uk,0,0,0,0,0,brave,1
0,moneymax.ph,0,0,0,0,0,brave,1
0,climate.gov,0,0,0,0,0,brave,1
0,phys.org,0,0,0,0,0,brave,1
0,typhoon2000.ph,0,0,0,0,0,brave,1
0,philstar.com,0,0,0,0,0,brave,1
0,earth.org,0,0,0,0,0,brave,1
0,growthcapadvisory.com,0,0,0,0,0,brave,1
0,alpha-sense.com,0,0,0,0,0,brave,1
0,kpsfund.com,0,0,0,0,0,brave,1
0,pei.podbean.com,0,0,0,0,0,brave,1
0,aifundingtracker.com,0,0,0,0,0,brave,1
0,hofbbplayers.com,0,0,0,0,0,brave,1
0,elle.com,0,0,0,0,0,brave,1
0,gonetrending.com,0,0,0,0,0,brave,1
0,thunderclap.com,0,0,0,0,0,brave,1
0,buzzfeed.com,0,0,0,0,0,brave,1
0,kicksta.co,0,0,0,0,0,brave,1
0,marketertricks.com,0,0,0,0,0,brave,1
0,brandmentions.com,0,0,0,0,0,brave,1
0,bizjournals.com,0,0,0,0,0,brave,1
0,economyinsights.com,0,0,0,0,0,brave,1
0,notesfrompoland.com,0,0,0,0,0,brave,1
0,cleartax.in,0,0,0,0,0,brave,1
0,ptacts.uspto.gov,0,0,0,0,0,brave,1
0,statisticstimes.com,0,0,0,0,0,brave,1
0,travel.usnews.com,0,0,0,0,0,brave,1
0,islands.com,0,0,0,0,0,brave,1
0,expedia.com,0,0,0,0,0,brave,1
0,xmap.ai,0,0,0,0,0,brave,1
0,americanbusinesshistory.org,0,0,0,0,0,brave,1
0,travelpander.com,0,0,0,0,0,brave,1
0,locationscloud.com,0,0,0,0,0,brave,1
0,scrapehero.com,0,0,0,0,0,brave,1
0,hoteltechreport.com,0,0,0,0,0,brave,1
0,ibisworld.com,0,0,0,0,0,brave,1
0,pen.org,0,0,0,0,0,brave,1
0,shramikjrcollege.org,0,0,0,0,0,brave,1
0,huggingface.co,0,0,0,0,0,brave,1
0,mscba.info,0,0,0,0,0,brave,1
0,en.wikipedia.org,0,0,0,0,0,tavily,284
0,facebook.com,0,0,0,0,0,tavily,185
0,instagram.com,0,0,0,0,0,tavily,92
0,youtube.com,0,0,0,0,0,tavily,76
0,reddit.com,0,0,0,0,0,tavily,55
0,nhc.noaa.gov,0,0,0,0,0,tavily,47
0,blog.google,0,0,0,0,0,tavily,47
0,reuters.com,0,0,0,0,0,tavily,42
0,forbes.com,0,0,0,0,0,tavily,41
0,volcano.si.edu,0,0,0,0,0,tavily,40
0,boxofficemojo.com,0,0,0,0,0,tavily,36
0,olympics.com,0,0,0,0,0,tavily,31
0,transportation.gov,0,0,0,0,0,tavily,26
0,britannica.com,0,0,0,0,0,tavily,24
0,goodreads.com,0,0,0,0,0,tavily,22
0,dauhomemade.vn,0,0,0,0,0,tavily,20
0,itu.int,0,0,0,0,0,tavily,19
0,grammy.com,0,0,0,0,0,tavily,18
0,privateequityinternational.com,0,0,0,0,0,tavily,17
0,nobelprize.org,0,0,0,0,0,tavily,16
0,epa.gov,0,0,0,0,0,tavily,16
0,imdb.com,0,0,0,0,0,tavily,15
0,bbc.com,0,0,0,0,0,tavily,15
0,guinnessworldrecords.com,0,0,0,0,0,tavily,13
0,theguardian.com,0,0,0,0,0,tavily,13
0,cia.gov,0,0,0,0,0,tavily,12
0,immunizationdata.who.int,0,0,0,0,0,tavily,12
0,learn.microsoft.com,0,0,0,0,0,tavily,12
0,scribd.com,0,0,0,0,0,tavily,11
0,espn.com,0,0,0,0,0,tavily,11
0,cfpub.epa.gov,0,0,0,0,0,tavily,11
0,linkedin.com,0,0,0,0,0,tavily,10
0,grokipedia.com,0,0,0,0,0,tavily,10
0,data.un.org,0,0,0,0,0,tavily,10
0,2025.emnlp.org,0,0,0,0,0,tavily,10
0,wtatennis.com,0,0,0,0,0,tavily,10
0,arlingtonva.us,0,0,0,0,0,tavily,10
0,quora.com,0,0,0,0,0,tavily,9
0,statista.com,0,0,0,0,0,tavily,9
0,odmp.org,0,0,0,0,0,tavily,8
0,tiktok.com,0,0,0,0,0,tavily,8
0,dotnet.microsoft.com,0,0,0,0,0,tavily,8
0,x.com,0,0,0,0,0,tavily,7
0,threads.com,0,0,0,0,0,tavily,7
0,apps.apple.com,0,0,0,0,0,tavily,7
0,cdc.gov,0,0,0,0,0,tavily,7
0,editorial.rottentomatoes.com,0,0,0,0,0,tavily,7
0,topendsports.com,0,0,0,0,0,tavily,7
0,imf.org,0,0,0,0,0,tavily,7
0,atptour.com,0,0,0,0,0,tavily,6
0,timesofindia.indiatimes.com,0,0,0,0,0,tavily,6
0,fifa.com,0,0,0,0,0,tavily,6
0,pmc.ncbi.nlm.nih.gov,0,0,0,0,0,tavily,6
0,fao.org,0,0,0,0,0,tavily,6
0,olympedia.org,0,0,0,0,0,tavily,6
0,transfermarkt.us,0,0,0,0,0,tavily,6
0,statmuse.com,0,0,0,0,0,tavily,6
0,worldaquatics.com,0,0,0,0,0,tavily,6
0,mgmgrand.mgmresorts.com,0,0,0,0,0,tavily,6
0,brandwatch.com,0,0,0,0,0,tavily,5
0,sciencedirect.com,0,0,0,0,0,tavily,5
0,uber.com,0,0,0,0,0,tavily,5
0,investopedia.com,0,0,0,0,0,tavily,5
0,cnn.com,0,0,0,0,0,tavily,5
0,rottentomatoes.com,0,0,0,0,0,tavily,5
0,topuniversities.com,0,0,0,0,0,tavily,5
0,yahoo.com,0,0,0,0,0,tavily,5
0,deadline.com,0,0,0,0,0,tavily,5
0,rsssf.org,0,0,0,0,0,tavily,5
0,who.int,0,0,0,0,0,tavily,5
0,fpa.es,0,0,0,0,0,tavily,5
0,hoophall.com,0,0,0,0,0,tavily,5
0,foxnews.com,0,0,0,0,0,tavily,4
0,chess.com,0,0,0,0,0,tavily,4
0,si.com,0,0,0,0,0,tavily,4
0,businessinsider.com,0,0,0,0,0,tavily,4
0,nytimes.com,0,0,0,0,0,tavily,4
0,play.google.com,0,0,0,0,0,tavily,4
0,apps.dtic.mil,0,0,0,0,0,tavily,4
0,dealroom.net,0,0,0,0,0,tavily,4
0,firmroom.com,0,0,0,0,0,tavily,4
0,mnacommunity.com,0,0,0,0,0,tavily,4
0,medium.com,0,0,0,0,0,tavily,4
0,ourworldindata.org,0,0,0,0,0,tavily,4
0,npr.org,0,0,0,0,0,tavily,4
0,nbcnews.com,0,0,0,0,0,tavily,4
0,vietnamnet.vn,0,0,0,0,0,tavily,4
0,sports.yahoo.com,0,0,0,0,0,tavily,4
0,history.state.gov,0,0,0,0,0,tavily,4
0,nbc.com,0,0,0,0,0,tavily,4
0,publichealth.jhu.edu,0,0,0,0,0,tavily,4
0,swimswam.com,0,0,0,0,0,tavily,4
0,fda.gov,0,0,0,0,0,tavily,4
0,foodstandards.gov.au,0,0,0,0,0,tavily,4
0,wwwnc.cdc.gov,0,0,0,0,0,tavily,4
0,summitpost.org,0,0,0,0,0,tavily,3
0,adventurepakistan.com,0,0,0,0,0,tavily,3
0,apricottours.pk,0,0,0,0,0,tavily,3
0,famousbirthdays.com,0,0,0,0,0,tavily,3
0,cantorsparadise.com,0,0,0,0,0,tavily,3
0,en.namu.wiki,0,0,0,0,0,tavily,3
0,tripadvisor.com,0,0,0,0,0,tavily,3
0,naval-encyclopedia.com,0,0,0,0,0,tavily,3
0,finance.yahoo.com,0,0,0,0,0,tavily,3
0,aljazeera.com,0,0,0,0,0,tavily,3
0,baike.baidu.com,0,0,0,0,0,tavily,3
0,lasd.org,0,0,0,0,0,tavily,3
0,researchgate.net,0,0,0,0,0,tavily,3
0,openknowledge.fao.org,0,0,0,0,0,tavily,3
0,github.com,0,0,0,0,0,tavily,3
0,variety.com,0,0,0,0,0,tavily,3
0,science.nasa.gov,0,0,0,0,0,tavily,3
0,sahitya-akademi.gov.in,0,0,0,0,0,tavily,3
0,time.com,0,0,0,0,0,tavily,3
0,worldpopulationreview.com,0,0,0,0,0,tavily,3
0,census.gov,0,0,0,0,0,tavily,3
0,itftennis.com,0,0,0,0,0,tavily,3
0,noaa.gov,0,0,0,0,0,tavily,3
0,bts.gov,0,0,0,0,0,tavily,3
0,arlingtontransit.com,0,0,0,0,0,tavily,3
0,formula1.com,0,0,0,0,0,tavily,3
0,simple.wikipedia.org,0,0,0,0,0,tavily,3
0,eonline.com,0,0,0,0,0,tavily,3
0,animationmagazine.net,0,0,0,0,0,tavily,3
0,people.com,0,0,0,0,0,tavily,3
0,easy.vegas,0,0,0,0,0,tavily,3
0,alternate-universes.fandom.com,0,0,0,0,0,tavily,3
0,architectureofthegames.net,0,0,0,0,0,tavily,3
0,media.privateequityinternational.com,0,0,0,0,0,tavily,3
0,landofbasketball.com,0,0,0,0,0,tavily,3
0,worldometers.info,0,0,0,0,0,tavily,3
0,hpcwire.com,0,0,0,0,0,tavily,2
0,peakbagger.com,0,0,0,0,0,tavily,2
0,pamirtimes.net,0,0,0,0,0,tavily,2
0,nittoatpfinals.com,0,0,0,0,0,tavily,2
0,swimmingworldmagazine.com,0,0,0,0,0,tavily,2
0,nbcolympics.com,0,0,0,0,0,tavily,2
0,cnet.com,0,0,0,0,0,tavily,2
0,thewrap.com,0,0,0,0,0,tavily,2
0,prayersandpiazzas.com,0,0,0,0,0,tavily,2
0,ebsco.com,0,0,0,0,0,tavily,2
0,math.stackexchange.com,0,0,0,0,0,tavily,2
0,byjus.com,0,0,0,0,0,tavily,2
0,math.answers.com,0,0,0,0,0,tavily,2
0,mojo-app.com,0,0,0,0,0,tavily,2
0,influize.com,0,0,0,0,0,tavily,2
0,japan.kantei.go.jp,0,0,0,0,0,tavily,2
0,face.meei.harvard.edu,0,0,0,0,0,tavily,2
0,latimes.com,0,0,0,0,0,tavily,2
0,drivemond.app,0,0,0,0,0,tavily,2
0,karostartup.com,0,0,0,0,0,tavily,2
0,military-history.fandom.com,0,0,0,0,0,tavily,2
0,warsearcher.com,0,0,0,0,0,tavily,2
0,testbook.com,0,0,0,0,0,tavily,2
0,worldatlas.com,0,0,0,0,0,tavily,2
0,pdc.tv,0,0,0,0,0,tavily,2
0,icpas.org,0,0,0,0,0,tavily,2
0,dataroom-providers.org,0,0,0,0,0,tavily,2
0,idealsvdr.com,0,0,0,0,0,tavily,2
0,mascience.com,0,0,0,0,0,tavily,2
0,coronavirus.jhu.edu,0,0,0,0,0,tavily,2
0,connectpay.com,0,0,0,0,0,tavily,2
0,sdk.finance,0,0,0,0,0,tavily,2
0,americanbanker.com,0,0,0,0,0,tavily,2
0,paymentsdive.com,0,0,0,0,0,tavily,2
0,corporate.visa.com,0,0,0,0,0,tavily,2
0,cbsnews.com,0,0,0,0,0,tavily,2
0,laspa.org,0,0,0,0,0,tavily,2
0,ktla.com,0,0,0,0,0,tavily,2
0,teaboard.gov.in,0,0,0,0,0,tavily,2
0,ageconsearch.umn.edu,0,0,0,0,0,tavily,2
0,jstor.org,0,0,0,0,0,tavily,2
0,indiastat.com,0,0,0,0,0,tavily,2
0,e.vnexpress.net,0,0,0,0,0,tavily,2
0,aclanthology.org,0,0,0,0,0,tavily,2
0,aclweb.org,0,0,0,0,0,tavily,2
0,kculture.com,0,0,0,0,0,tavily,2
0,koreanfilm.or.kr,0,0,0,0,0,tavily,2
0,ares.jsc.nasa.gov,0,0,0,0,0,tavily,2
0,impact.seti.org,0,0,0,0,0,tavily,2
0,abcnews.com,0,0,0,0,0,tavily,2
0,library.olympics.com,0,0,0,0,0,tavily,2
0,socialblade.com,0,0,0,0,0,tavily,2
0,qs.com,0,0,0,0,0,tavily,2
0,calmatters.org,0,0,0,0,0,tavily,2
0,statisticstimes.com,0,0,0,0,0,tavily,2
0,tennis365.com,0,0,0,0,0,tavily,2
0,tennisworldusa.org,0,0,0,0,0,tavily,2
0,romancelandia.fandom.com,0,0,0,0,0,tavily,2
0,fictiondb.com,0,0,0,0,0,tavily,2
0,commercial.allianz.com,0,0,0,0,0,tavily,2
0,disasterphilanthropy.org,0,0,0,0,0,tavily,2
0,routenote.com,0,0,0,0,0,tavily,2
0,m.allfootballapp.com,0,0,0,0,0,tavily,2
0,wmata.com,0,0,0,0,0,tavily,2
0,sportingnews.com,0,0,0,0,0,tavily,2
0,talksport.com,0,0,0,0,0,tavily,2
0,lifestyleasia.com,0,0,0,0,0,tavily,2
0,google.com,0,0,0,0,0,tavily,2
0,mostlyf1.com,0,0,0,0,0,tavily,2
0,motorsporttickets.com,0,0,0,0,0,tavily,2
0,formulaonehistory.com,0,0,0,0,0,tavily,2
0,the-numbers.com,0,0,0,0,0,tavily,2
0,cockburnproject.net,0,0,0,0,0,tavily,2
0,bbrmusicgroup.com,0,0,0,0,0,tavily,2
0,foxsports.com,0,0,0,0,0,tavily,2
0,sportico.com,0,0,0,0,0,tavily,2
0,realmadrid.com,0,0,0,0,0,tavily,2
0,hrb.ie,0,0,0,0,0,tavily,2
0,libguides.mskcc.org,0,0,0,0,0,tavily,2
0,olympic.ca,0,0,0,0,0,tavily,2
0,worldathletics.org,0,0,0,0,0,tavily,2
0,food.gov.uk,0,0,0,0,0,tavily,2
0,canada.ca,0,0,0,0,0,tavily,2
0,inspection.canada.ca,0,0,0,0,0,tavily,2
0,scmp.com,0,0,0,0,0,tavily,2
0,congress.gov,0,0,0,0,0,tavily,2
0,data.worldbank.org,0,0,0,0,0,tavily,2
0,koimoi.com,0,0,0,0,0,tavily,2
0,awards.acm.org,0,0,0,0,0,tavily,2
0,elle.com.au,0,0,0,0,0,tavily,2
0,allure.com,0,0,0,0,0,tavily,2
0,freep.com,0,0,0,0,0,tavily,2
0,bbc.co.uk,0,0,0,0,0,tavily,2
0,timeanddate.com,0,0,0,0,0,tavily,2
0,bookseriesinorder.com,0,0,0,0,0,tavily,2
0,booknotification.com,0,0,0,0,0,tavily,2
0,jamieoliver.com,0,0,0,0,0,tavily,2
0,eia.gov,0,0,0,0,0,tavily,2
0,nba.com,0,0,0,0,0,tavily,2
0,basketball-reference.com,0,0,0,0,0,tavily,2
0,nypost.com,0,0,0,0,0,tavily,2
0,uproxx.com,0,0,0,0,0,tavily,2
0,ratepunk.com,0,0,0,0,0,tavily,2
0,scrapehero.com,0,0,0,0,0,tavily,2
0,search.itu.int,0,0,0,0,0,tavily,1
0,metebalci.com,0,0,0,0,0,tavily,1
0,top500.org,0,0,0,0,0,tavily,1
0,bristol247.com,0,0,0,0,0,tavily,1
0,llnl.gov,0,0,0,0,0,tavily,1
0,utahnewsdispatch.com,0,0,0,0,0,tavily,1
0,standard.net,0,0,0,0,0,tavily,1
0,attheu.utah.edu,0,0,0,0,0,tavily,1
0,local.newsbreak.com,0,0,0,0,0,tavily,1
0,thequantuminsider.com,0,0,0,0,0,tavily,1
0,nvidianews.nvidia.com,0,0,0,0,0,tavily,1
0,nvidia.com,0,0,0,0,0,tavily,1
0,visitinpakistan.com,0,0,0,0,0,tavily,1
0,summitkarakoram.com,0,0,0,0,0,tavily,1
0,activetourspakistan.com,0,0,0,0,0,tavily,1
0,publications.americanalpineclub.org,0,0,0,0,0,tavily,1
0,marca.com,0,0,0,0,0,tavily,1
0,sofascore.com,0,0,0,0,0,tavily,1
0,7sport.net,0,0,0,0,0,tavily,1
0,en.tennistemple.com,0,0,0,0,0,tavily,1
0,tennisuptodate.com,0,0,0,0,0,tavily,1
0,tennisabstract.com,0,0,0,0,0,tavily,1
0,houseofstaunton.com,0,0,0,0,0,tavily,1
0,en.chessbase.com,0,0,0,0,0,tavily,1
0,fide.com,0,0,0,0,0,tavily,1
0,uscfsales.com,0,0,0,0,0,tavily,1
0,diy.org,0,0,0,0,0,tavily,1
0,teamusa.com,0,0,0,0,0,tavily,1
0,capitolweekly.net,0,0,0,0,0,tavily,1
0,usopm.org,0,0,0,0,0,tavily,1
0,boston.com,0,0,0,0,0,tavily,1
0,heraldtribune.com,0,0,0,0,0,tavily,1
0,brusselstimes.com,0,0,0,0,0,tavily,1
0,enterpriseasia.org,0,0,0,0,0,tavily,1
0,whereandwhatintheworld.com,0,0,0,0,0,tavily,1
0,en.italiani.it,0,0,0,0,0,tavily,1
0,en.norohy.com,0,0,0,0,0,tavily,1
0,mybrandbook.co.in,0,0,0,0,0,tavily,1
0,businesstoday.in,0,0,0,0,0,tavily,1
0,thehill.com,0,0,0,0,0,tavily,1
0,complex.com,0,0,0,0,0,tavily,1
0,en-vols.com,0,0,0,0,0,tavily,1
0,ita.travel,0,0,0,0,0,tavily,1
0,247wallst.com,0,0,0,0,0,tavily,1
0,unibo.it,0,0,0,0,0,tavily,1
0,famousscientists.org,0,0,0,0,0,tavily,1
0,pubmed.ncbi.nlm.nih.gov,0,0,0,0,0,tavily,1
0,thoughtco.com,0,0,0,0,0,tavily,1
0,mathshistory.st-andrews.ac.uk,0,0,0,0,0,tavily,1
0,aleteia.org,0,0,0,0,0,tavily,1
0,collegeraptor.com,0,0,0,0,0,tavily,1
0,umk.pl,0,0,0,0,0,tavily,1
0,yocket.com,0,0,0,0,0,tavily,1
0,mastersportal.com,0,0,0,0,0,tavily,1
0,dukesplus.com,0,0,0,0,0,tavily,1
0,math.uchicago.edu,0,0,0,0,0,tavily,1
0,dresden.academic.wlu.edu,0,0,0,0,0,tavily,1
0,simonrs.com,0,0,0,0,0,tavily,1
0,benvitalenum3ers.wordpress.com,0,0,0,0,0,tavily,1
0,khanacademy.org,0,0,0,0,0,tavily,1
0,brainly.in,0,0,0,0,0,tavily,1
0,focustutoring.com,0,0,0,0,0,tavily,1
0,mathematicsskills.quora.com,0,0,0,0,0,tavily,1
0,mathoverflow.net,0,0,0,0,0,tavily,1
0,marketing4ecommerce.net,0,0,0,0,0,tavily,1
0,socialboosting.com,0,0,0,0,0,tavily,1
0,bristoluniversitypressdigital.com,0,0,0,0,0,tavily,1
0,nippon.com,0,0,0,0,0,tavily,1
0,japan-forward.com,0,0,0,0,0,tavily,1
0,aa.com.tr,0,0,0,0,0,tavily,1
0,chooseapp.in,0,0,0,0,0,tavily,1
0,digittrix.com,0,0,0,0,0,tavily,1
0,ridexpress.in,0,0,0,0,0,tavily,1
0,sctinfo.com,0,0,0,0,0,tavily,1
0,theidiosyncraticidiot.in,0,0,0,0,0,tavily,1
0,forbesindia.com,0,0,0,0,0,tavily,1
0,team-bhp.com,0,0,0,0,0,tavily,1
0,psmarketresearch.com,0,0,0,0,0,tavily,1
0,webapps.olacabs.com,0,0,0,0,0,tavily,1
0,ascendants.in,0,0,0,0,0,tavily,1
0,techbuzz.ai,0,0,0,0,0,tavily,1
0,mlq.ai,0,0,0,0,0,tavily,1
0,nara.getarchive.net,0,0,0,0,0,tavily,1
0,catalog.hathitrust.org,0,0,0,0,0,tavily,1
0,usni.org,0,0,0,0,0,tavily,1
0,feefhs.org,0,0,0,0,0,tavily,1
0,archives.gov,0,0,0,0,0,tavily,1
0,ponarseurasia.org,0,0,0,0,0,tavily,1
0,globalsecurity.org,0,0,0,0,0,tavily,1
0,covid.fabriciano.mg.gov.br,0,0,0,0,0,tavily,1
0,internationalboundarycommission.org,0,0,0,0,0,tavily,1
0,dartskins.co.uk,0,0,0,0,0,tavily,1
0,darts-uk.co.uk,0,0,0,0,0,tavily,1
0,world-of-darts.fandom.com,0,0,0,0,0,tavily,1
0,dartsnews.com,0,0,0,0,0,tavily,1
0,darts501.com,0,0,0,0,0,tavily,1
0,dartscorner.co.uk,0,0,0,0,0,tavily,1
0,bun-dau-homemade.goto-where.com,0,0,0,0,0,tavily,1
0,vietnammm.com,0,0,0,0,0,tavily,1
0,ftripvietnam.com,0,0,0,0,0,tavily,1
0,junglebosstours.com,0,0,0,0,0,tavily,1
0,muzeumwl.pl,0,0,0,0,0,tavily,1
0,armamentresearch.com,0,0,0,0,0,tavily,1
0,bbn.gov.pl,0,0,0,0,0,tavily,1
0,forum.axishistory.com,0,0,0,0,0,tavily,1
0,imaa-institute.org,0,0,0,0,0,tavily,1
0,sandiegouniontribune.com,0,0,0,0,0,tavily,1
0,otpp.com,0,0,0,0,0,tavily,1
0,wsj.com,0,0,0,0,0,tavily,1
0,professionalpensions.com,0,0,0,0,0,tavily,1
0,tandfonline.com,0,0,0,0,0,tavily,1
0,skysports.com,0,0,0,0,0,tavily,1
0,roadtrips.com,0,0,0,0,0,tavily,1
0,barrons.com,0,0,0,0,0,tavily,1
0,livemint.com,0,0,0,0,0,tavily,1
0,thesun.co.uk,0,0,0,0,0,tavily,1
0,wral.com,0,0,0,0,0,tavily,1
0,wabe.org,0,0,0,0,0,tavily,1
0,data.who.int,0,0,0,0,0,tavily,1
0,wyso.org,0,0,0,0,0,tavily,1
0,thesicktimes.org,0,0,0,0,0,tavily,1
0,askamanager.org,0,0,0,0,0,tavily,1
0,careeroptionsafricagroup.com,0,0,0,0,0,tavily,1
0,gartner.com,0,0,0,0,0,tavily,1
0,gulfmanagementsystems.com,0,0,0,0,0,tavily,1
0,builtin.com,0,0,0,0,0,tavily,1
0,airwallex.com,0,0,0,0,0,tavily,1
0,f6s.com,0,0,0,0,0,tavily,1
0,zapier.com,0,0,0,0,0,tavily,1
0,wtop.com,0,0,0,0,0,tavily,1
0,paymentnerds.com,0,0,0,0,0,tavily,1
0,merchantspaymentscoalition.com,0,0,0,0,0,tavily,1
0,jdpower.com,0,0,0,0,0,tavily,1
0,abiresearch.com,0,0,0,0,0,tavily,1
0,markets.financialcontent.com,0,0,0,0,0,tavily,1
0,the-sun.com,0,0,0,0,0,tavily,1
0,totalmusicawards.com,0,0,0,0,0,tavily,1
0,popvortex.com,0,0,0,0,0,tavily,1
0,faroutmagazine.co.uk,0,0,0,0,0,tavily,1
0,rateyourmusic.com,0,0,0,0,0,tavily,1
0,live.grammy.com,0,0,0,0,0,tavily,1
0,artsy.net,0,0,0,0,0,tavily,1
0,news.artnet.com,0,0,0,0,0,tavily,1
0,voanews.com,0,0,0,0,0,tavily,1
0,abc7.com,0,0,0,0,0,tavily,1
0,cityofsignalhill.org,0,0,0,0,0,tavily,1
0,msn.com,0,0,0,0,0,tavily,1
0,shq.lasdnews.net,0,0,0,0,0,tavily,1
0,lapdonline.org,0,0,0,0,0,tavily,1
0,api.nobelprize.org,0,0,0,0,0,tavily,1
0,english.elpais.com,0,0,0,0,0,tavily,1
0,documents1.worldbank.org,0,0,0,0,0,tavily,1
0,killgreen.io,0,0,0,0,0,tavily,1
0,richtmann.org,0,0,0,0,0,tavily,1
0,teaandcoffee.net,0,0,0,0,0,tavily,1
0,iisd.org,0,0,0,0,0,tavily,1
0,elmarspices.com,0,0,0,0,0,tavily,1
0,isaeindia.org,0,0,0,0,0,tavily,1
0,dgciskol.gov.in,0,0,0,0,0,tavily,1
0,asianews.network,0,0,0,0,0,tavily,1
0,outlookbusiness.com,0,0,0,0,0,tavily,1
0,effop.org,0,0,0,0,0,tavily,1
0,thoibao.de,0,0,0,0,0,tavily,1
0,news.laodong.vn,0,0,0,0,0,tavily,1
0,en.vietnamplus.vn,0,0,0,0,0,tavily,1
0,2024.emnlp.org,0,0,0,0,0,tavily,1
0,customnlp4u-24.github.io,0,0,0,0,0,tavily,1
0,openaccept.org,0,0,0,0,0,tavily,1
0,papercopilot.com,0,0,0,0,0,tavily,1
0,csconfstats.xoveexu.com,0,0,0,0,0,tavily,1
0,flsenate.gov,0,0,0,0,0,tavily,1
0,azleg.gov,0,0,0,0,0,tavily,1
0,legis.state.pa.us,0,0,0,0,0,tavily,1
0,oksenate.gov,0,0,0,0,0,tavily,1
0,ksrevisor.gov,0,0,0,0,0,tavily,1
0,mk.co.kr,0,0,0,0,0,tavily,1
0,koreaherald.com,0,0,0,0,0,tavily,1
0,tehrantimes.com,0,0,0,0,0,tavily,1
0,thesefootballtimes.co,0,0,0,0,0,tavily,1
0,mlb.com,0,0,0,0,0,tavily,1
0,nbcmiami.com,0,0,0,0,0,tavily,1
0,baseball-reference.com,0,0,0,0,0,tavily,1
0,sciencedaily.com,0,0,0,0,0,tavily,1
0,halifax.citynews.ca,0,0,0,0,0,tavily,1
0,foxweather.com,0,0,0,0,0,tavily,1
0,arxiv.org,0,0,0,0,0,tavily,1
0,ecoportal.net,0,0,0,0,0,tavily,1
0,iopscience.iop.org,0,0,0,0,0,tavily,1
0,amsmeteors.org,0,0,0,0,0,tavily,1
0,nasa.gov,0,0,0,0,0,tavily,1
0,mentalfloss.com,0,0,0,0,0,tavily,1
0,nbcdfw.com,0,0,0,0,0,tavily,1
0,kxan.com,0,0,0,0,0,tavily,1
0,youtube.fandom.com,0,0,0,0,0,tavily,1
0,dailymotion.com,0,0,0,0,0,tavily,1
0,ballotpedia.org,0,0,0,0,0,tavily,1
0,ine.org.pl,0,0,0,0,0,tavily,1
0,pewresearch.org,0,0,0,0,0,tavily,1
0,axios.com,0,0,0,0,0,tavily,1
0,nationalgeographic.com,0,0,0,0,0,tavily,1
0,nafsa.org,0,0,0,0,0,tavily,1
0,goldmansachs.com,0,0,0,0,0,tavily,1
0,schroders.com,0,0,0,0,0,tavily,1
0,newsnationnow.com,0,0,0,0,0,tavily,1
0,poetsandquants.com,0,0,0,0,0,tavily,1
0,poetsandquantsforundergrads.com,0,0,0,0,0,tavily,1
0,ir.pitt.edu,0,0,0,0,0,tavily,1
0,thebiglead.com,0,0,0,0,0,tavily,1
0,timeshighereducation.com,0,0,0,0,0,tavily,1
0,aol.com,0,0,0,0,0,tavily,1
0,fireandsafetyjournalamericas.com,0,0,0,0,0,tavily,1
0,accuweather.com,0,0,0,0,0,tavily,1
0,fire.ca.gov,0,0,0,0,0,tavily,1
0,outsideonline.com,0,0,0,0,0,tavily,1
0,headwaterseconomics.org,0,0,0,0,0,tavily,1
0,nifc.gov,0,0,0,0,0,tavily,1
0,edhat.com,0,0,0,0,0,tavily,1
0,ocregister.com,0,0,0,0,0,tavily,1
0,iblnews.org,0,0,0,0,0,tavily,1
0,geographyrealm.com,0,0,0,0,0,tavily,1
0,filmsite.org,0,0,0,0,0,tavily,1
0,billboard.com,0,0,0,0,0,tavily,1
0,letterboxd.com,0,0,0,0,0,tavily,1
0,tntsports.co.uk,0,0,0,0,0,tavily,1
0,lemon8-app.com,0,0,0,0,0,tavily,1
0,firefortysix.com,0,0,0,0,0,tavily,1
0,ghibli.fandom.com,0,0,0,0,0,tavily,1
0,screenrant.com,0,0,0,0,0,tavily,1
0,listchallenges.com,0,0,0,0,0,tavily,1
0,hypotheticalhurricanes.fandom.com,0,0,0,0,0,tavily,1
0,tropicalstormrisk.com,0,0,0,0,0,tavily,1
0,climateimpactcompany.com,0,0,0,0,0,tavily,1
0,metoffice.gov.uk,0,0,0,0,0,tavily,1
0,wvtm13.com,0,0,0,0,0,tavily,1
0,ncei.noaa.gov,0,0,0,0,0,tavily,1
0,usafacts.org,0,0,0,0,0,tavily,1
0,tropical.colostate.edu,0,0,0,0,0,tavily,1
0,content.govdelivery.com,0,0,0,0,0,tavily,1
0,ajot.com,0,0,0,0,0,tavily,1
0,chartmasters.org,0,0,0,0,0,tavily,1
0,kworb.net,0,0,0,0,0,tavily,1
0,numberblocks.fandom.com,0,0,0,0,0,tavily,1
0,math.tools,0,0,0,0,0,tavily,1
0,support.ems.connexus.com,0,0,0,0,0,tavily,1
0,kids.kiddle.co,0,0,0,0,0,tavily,1
0,latinoamerica21.com,0,0,0,0,0,tavily,1
0,pbs.org,0,0,0,0,0,tavily,1
0,blog-iacl-aidc.org,0,0,0,0,0,tavily,1
0,2009-2017.state.gov,0,0,0,0,0,tavily,1
0,patch.com,0,0,0,0,0,tavily,1
0,ffxnow.com,0,0,0,0,0,tavily,1
0,gm.com,0,0,0,0,0,tavily,1
0,aaae.org,0,0,0,0,0,tavily,1
0,meetings.arlingtonva.us,0,0,0,0,0,tavily,1
0,arlhist.org,0,0,0,0,0,tavily,1
0,vapassengerrailauthority.org,0,0,0,0,0,tavily,1
0,apta.com,0,0,0,0,0,tavily,1
0,drpt.virginia.gov,0,0,0,0,0,tavily,1
0,amtrak.com,0,0,0,0,0,tavily,1
0,givemesport.com,0,0,0,0,0,tavily,1
0,squawka.com,0,0,0,0,0,tavily,1
0,thepfsa.co.uk,0,0,0,0,0,tavily,1
0,dexerto.com,0,0,0,0,0,tavily,1
0,viralyft.com,0,0,0,0,0,tavily,1
0,watchmojo.com,0,0,0,0,0,tavily,1
0,networkworld.com,0,0,0,0,0,tavily,1
0,developers.google.com,0,0,0,0,0,tavily,1
0,cfr.org,0,0,0,0,0,tavily,1
0,about.bnef.com,0,0,0,0,0,tavily,1
0,cisco.com,0,0,0,0,0,tavily,1
0,jnj.com,0,0,0,0,0,tavily,1
0,carlogos.org,0,0,0,0,0,tavily,1
0,statsf1.com,0,0,0,0,0,tavily,1
0,motorsportmagazine.com,0,0,0,0,0,tavily,1
0,f1-fansite.com,0,0,0,0,0,tavily,1
0,dictionary.cambridge.org,0,0,0,0,0,tavily,1
0,thefreedictionary.com,0,0,0,0,0,tavily,1
0,en.wiktionary.org,0,0,0,0,0,tavily,1
0,merriam-webster.com,0,0,0,0,0,tavily,1
0,etymonline.com,0,0,0,0,0,tavily,1
0,thesaurus.com,0,0,0,0,0,tavily,1
0,dictionary.reverso.net,0,0,0,0,0,tavily,1
0,wordhippo.com,0,0,0,0,0,tavily,1
0,lofficielusa.com,0,0,0,0,0,tavily,1
0,faapa.info,0,0,0,0,0,tavily,1
0,history.com,0,0,0,0,0,tavily,1
0,disneystudios.com,0,0,0,0,0,tavily,1
0,thewaltdisneycompany.com,0,0,0,0,0,tavily,1
0,screendaily.com,0,0,0,0,0,tavily,1
0,apnews.com,0,0,0,0,0,tavily,1
0,ew.com,0,0,0,0,0,tavily,1
0,mansionbet.com,0,0,0,0,0,tavily,1
0,ajc.com,0,0,0,0,0,tavily,1
0,liveabout.com,0,0,0,0,0,tavily,1
0,wftv.com,0,0,0,0,0,tavily,1
0,hudsonvalleyone.com,0,0,0,0,0,tavily,1
0,sportsbusinessjournal.com,0,0,0,0,0,tavily,1
0,gametime.co,0,0,0,0,0,tavily,1
0,americanmonk.org,0,0,0,0,0,tavily,1
0,rhythmix.org,0,0,0,0,0,tavily,1
0,history.brown.edu,0,0,0,0,0,tavily,1
0,asiasentinel.com,0,0,0,0,0,tavily,1
0,dharmawheel.net,0,0,0,0,0,tavily,1
0,bigthink.com,0,0,0,0,0,tavily,1
0,acmcountry.com,0,0,0,0,0,tavily,1
0,americansongwriter.com,0,0,0,0,0,tavily,1
0,cmaworld.com,0,0,0,0,0,tavily,1
0,getstealery.com,0,0,0,0,0,tavily,1
0,salestools.io,0,0,0,0,0,tavily,1
0,cnbc.com,0,0,0,0,0,tavily,1
0,exa.ai,0,0,0,0,0,tavily,1
0,about.google,0,0,0,0,0,tavily,1
0,sacnilk.com,0,0,0,0,0,tavily,1
0,amt.copernicus.org,0,0,0,0,0,tavily,1
0,volcano.oregonstate.edu,0,0,0,0,0,tavily,1
0,usgs.gov,0,0,0,0,0,tavily,1
0,goldderby.com,0,0,0,0,0,tavily,1
0,etonline.com,0,0,0,0,0,tavily,1
0,uefa.com,0,0,0,0,0,tavily,1
0,themirror.com,0,0,0,0,0,tavily,1
0,bleacherreport.com,0,0,0,0,0,tavily,1
0,malaymail.com,0,0,0,0,0,tavily,1
0,forbes.com.au,0,0,0,0,0,tavily,1
0,sportbible.com,0,0,0,0,0,tavily,1
0,epgp.inflibnet.ac.in,0,0,0,0,0,tavily,1
0,wp.nyu.edu,0,0,0,0,0,tavily,1
0,swaplanguage.com,0,0,0,0,0,tavily,1
0,education.gov.in,0,0,0,0,0,tavily,1
0,jadd.ie,0,0,0,0,0,tavily,1
0,rte.ie,0,0,0,0,0,tavily,1
0,imt.ie,0,0,0,0,0,tavily,1
0,vietnamairlines.com,0,0,0,0,0,tavily,1
0,export.flandersinvestmentandtrade.com,0,0,0,0,0,tavily,1
0,travellerspoint.com,0,0,0,0,0,tavily,1
0,ftp.cs.princeton.edu,0,0,0,0,0,tavily,1
0,web.mit.edu,0,0,0,0,0,tavily,1
0,openknowledge.worldbank.org,0,0,0,0,0,tavily,1
0,eprints.bbk.ac.uk,0,0,0,0,0,tavily,1
0,books.irri.org,0,0,0,0,0,tavily,1
0,files.eric.ed.gov,0,0,0,0,0,tavily,1
0,robindesbois.org,0,0,0,0,0,tavily,1
0,mcdonalds.co.jp,0,0,0,0,0,tavily,1
0,m.yelp.com,0,0,0,0,0,tavily,1
0,iowarfa.org,0,0,0,0,0,tavily,1
0,unicef.org,0,0,0,0,0,tavily,1
0,publications.aap.org,0,0,0,0,0,tavily,1
0,bmj.com,0,0,0,0,0,tavily,1
0,cbc.ca,0,0,0,0,0,tavily,1
0,myswimsplits.com,0,0,0,0,0,tavily,1
0,moodle.mtu.edu.ng,0,0,0,0,0,tavily,1
0,data.usaswimming.org,0,0,0,0,0,tavily,1
0,ask-oracle.com,0,0,0,0,0,tavily,1
0,redbull.com,0,0,0,0,0,tavily,1
0,allamericanspeakers.com,0,0,0,0,0,tavily,1
0,swimming.ca,0,0,0,0,0,tavily,1
0,pantheon.world,0,0,0,0,0,tavily,1
0,omegatiming.com,0,0,0,0,0,tavily,1
0,wikidata.org,0,0,0,0,0,tavily,1
0,olympics.fandom.com,0,0,0,0,0,tavily,1
0,sportsmatik.com,0,0,0,0,0,tavily,1
0,totalisimo.com,0,0,0,0,0,tavily,1
0,slideshare.net,0,0,0,0,0,tavily,1
0,allergyuk.org,0,0,0,0,0,tavily,1
0,allergymenu.app,0,0,0,0,0,tavily,1
0,anaphylaxis.org.uk,0,0,0,0,0,tavily,1
0,menusano.com,0,0,0,0,0,tavily,1
0,efsa.europa.eu,0,0,0,0,0,tavily,1
0,narf.org.uk,0,0,0,0,0,tavily,1
0,foodallergyawareness.org,0,0,0,0,0,tavily,1
0,eurofinsus.com,0,0,0,0,0,tavily,1
0,cirs-group.com,0,0,0,0,0,tavily,1
0,foodallergy.org,0,0,0,0,0,tavily,1
0,publications.gc.ca,0,0,0,0,0,tavily,1
0,foodallergycanada.ca,0,0,0,0,0,tavily,1
0,parera.ulaval.ca,0,0,0,0,0,tavily,1
0,blog.foodsafety.ca,0,0,0,0,0,tavily,1
0,allergies-alimentaires.org,0,0,0,0,0,tavily,1
0,agriexchange.apeda.gov.in,0,0,0,0,0,tavily,1
0,correctfoodsystems.com.au,0,0,0,0,0,tavily,1
0,assets.allergenbureau.net,0,0,0,0,0,tavily,1
0,health.wa.gov.au,0,0,0,0,0,tavily,1
0,foodallergyaware.org.au,0,0,0,0,0,tavily,1
0,chosun.com,0,0,0,0,0,tavily,1
0,archive.ipu.org,0,0,0,0,0,tavily,1
0,ipu.org,0,0,0,0,0,tavily,1
0,un.org,0,0,0,0,0,tavily,1
0,consensomontevideo.cepal.org,0,0,0,0,0,tavily,1
0,genderdata.worldbank.org,0,0,0,0,0,tavily,1
0,unwomen.org,0,0,0,0,0,tavily,1
0,newsroom.ap.org,0,0,0,0,0,tavily,1
0,hola.com,0,0,0,0,0,tavily,1
0,commons.wikimedia.org,0,0,0,0,0,tavily,1
0,ers.usda.gov,0,0,0,0,0,tavily,1
0,eadiv.state.wy.us,0,0,0,0,0,tavily,1
0,prb.org,0,0,0,0,0,tavily,1
0,arcgis.com,0,0,0,0,0,tavily,1
0,coopercenter.org,0,0,0,0,0,tavily,1
0,journals.lww.com,0,0,0,0,0,tavily,1
0,cda.gov.sg,0,0,0,0,0,tavily,1
0,cdn.who.int,0,0,0,0,0,tavily,1
0,reliefweb.int,0,0,0,0,0,tavily,1
0,nature.com,0,0,0,0,0,tavily,1
0,ecdc.europa.eu,0,0,0,0,0,tavily,1
0,outbreaknewstoday.substack.com,0,0,0,0,0,tavily,1
0,beaconbio.org,0,0,0,0,0,tavily,1
0,nationthailand.com,0,0,0,0,0,tavily,1
0,investing.com,0,0,0,0,0,tavily,1
0,thedirect.com,0,0,0,0,0,tavily,1
0,hotels.com,0,0,0,0,0,tavily,1
0,wethewarriors.org,0,0,0,0,0,tavily,1
0,hilton.com,0,0,0,0,0,tavily,1
0,rwlasvegas.com,0,0,0,0,0,tavily,1
0,thestrat.com,0,0,0,0,0,tavily,1
0,mgmresorts.com,0,0,0,0,0,tavily,1
0,parkmgm.mgmresorts.com,0,0,0,0,0,tavily,1
0,investors.mgmresorts.com,0,0,0,0,0,tavily,1
0,aria.mgmresorts.com,0,0,0,0,0,tavily,1
0,dl.acm.org,0,0,0,0,0,tavily,1
0,wired.com,0,0,0,0,0,tavily,1
0,community.cadence.com,0,0,0,0,0,tavily,1
0,csd.cmu.edu,0,0,0,0,0,tavily,1
0,storyboard18.com,0,0,0,0,0,tavily,1
0,klover.ai,0,0,0,0,0,tavily,1
0,cmu.edu,0,0,0,0,0,tavily,1
0,nsf.gov,0,0,0,0,0,tavily,1
0,people.idsia.ch,0,0,0,0,0,tavily,1
0,yann.lecun.com,0,0,0,0,0,tavily,1
0,artsci.utoronto.ca,0,0,0,0,0,tavily,1
0,cs.toronto.edu,0,0,0,0,0,tavily,1
0,teenvogue.com,0,0,0,0,0,tavily,1
0,vogue.co.uk,0,0,0,0,0,tavily,1
0,usmagazine.com,0,0,0,0,0,tavily,1
0,news.yahoo.com,0,0,0,0,0,tavily,1
0,capitalxtra.com,0,0,0,0,0,tavily,1
0,fox13memphis.com,0,0,0,0,0,tavily,1
0,pagesix.com,0,0,0,0,0,tavily,1
0,buzzfeed.com,0,0,0,0,0,tavily,1
0,tubefilter.com,0,0,0,0,0,tavily,1
0,ndtv.com,0,0,0,0,0,tavily,1
0,justjaredjr.com,0,0,0,0,0,tavily,1
0,dqydj.com,0,0,0,0,0,tavily,1
0,almanac.com,0,0,0,0,0,tavily,1
0,economictimes.indiatimes.com,0,0,0,0,0,tavily,1
0,calkoo.com,0,0,0,0,0,tavily,1
0,calendar-12.com,0,0,0,0,0,tavily,1
0,easysurf.cc,0,0,0,0,0,tavily,1
0,jainuniversity.ac.in,0,0,0,0,0,tavily,1
0,pinetools.com,0,0,0,0,0,tavily,1
0,thissportlife.com,0,0,0,0,0,tavily,1
0,whereig.com,0,0,0,0,0,tavily,1
0,blog.ticketcity.com,0,0,0,0,0,tavily,1
0,jat-football.fandom.com,0,0,0,0,0,tavily,1
0,planetfootball.com,0,0,0,0,0,tavily,1
0,kaggle.com,0,0,0,0,0,tavily,1
0,blucactus.ca,0,0,0,0,0,tavily,1
0,explodingtopics.com,0,0,0,0,0,tavily,1
0,epidemicsound.com,0,0,0,0,0,tavily,1
0,hypeauditor.com,0,0,0,0,0,tavily,1
0,creatorsjet.com,0,0,0,0,0,tavily,1
0,penguinrandomhouse.com,0,0,0,0,0,tavily,1
0,harpercollins.com,0,0,0,0,0,tavily,1
0,amazon.com,0,0,0,0,0,tavily,1
0,abebooks.com,0,0,0,0,0,tavily,1
0,addall.com,0,0,0,0,0,tavily,1
0,cdn.jamieoliver.com,0,0,0,0,0,tavily,1
0,mostrecommendedbooks.com,0,0,0,0,0,tavily,1
0,gov.uk,0,0,0,0,0,tavily,1
0,phm.org.uk,0,0,0,0,0,tavily,1
0,historic-uk.com,0,0,0,0,0,tavily,1
0,researchbriefings.files.parliament.uk,0,0,0,0,0,tavily,1
0,jp.reuters.com,0,0,0,0,0,tavily,1
0,sportsnerdy.com,0,0,0,0,0,tavily,1
0,badmintonmuseum.org,0,0,0,0,0,tavily,1
0,catf.us,0,0,0,0,0,tavily,1
0,c2es.org,0,0,0,0,0,tavily,1
0,wfyi.org,0,0,0,0,0,tavily,1
0,wri.org,0,0,0,0,0,tavily,1
0,environmentamerica.org,0,0,0,0,0,tavily,1
0,afdc.energy.gov,0,0,0,0,0,tavily,1
0,useverdeon.com,0,0,0,0,0,tavily,1
0,climatepolicydashboard.org,0,0,0,0,0,tavily,1
0,catalog.data.gov,0,0,0,0,0,tavily,1
0,chesswizards.com,0,0,0,0,0,tavily,1
0,crimsonglobalacademy.school,0,0,0,0,0,tavily,1
0,blog.inedo.com,0,0,0,0,0,tavily,1
0,infoq.com,0,0,0,0,0,tavily,1
0,tuxcare.com,0,0,0,0,0,tavily,1
0,theweathernetwork.com,0,0,0,0,0,tavily,1
0,climate.gov,0,0,0,0,0,tavily,1
0,kids.britannica.com,0,0,0,0,0,tavily,1
0,qubit.capital,0,0,0,0,0,tavily,1
0,growthcapadvisory.com,0,0,0,0,0,tavily,1
0,praxisrock.com,0,0,0,0,0,tavily,1
0,privateequitylist.com,0,0,0,0,0,tavily,1
0,frontier.edu,0,0,0,0,0,tavily,1
0,federalregister.gov,0,0,0,0,0,tavily,1
0,townofcarrboro.org,0,0,0,0,0,tavily,1
0,collegeparkmd.gov,0,0,0,0,0,tavily,1
0,interbasket.net,0,0,0,0,0,tavily,1
0,brandmentions.com,0,0,0,0,0,tavily,1
0,prestigeonline.com,0,0,0,0,0,tavily,1
0,capitalism.com,0,0,0,0,0,tavily,1
0,inventure.com.ua,0,0,0,0,0,tavily,1
0,bloomberg.com,0,0,0,0,0,tavily,1
0,economyinsights.com,0,0,0,0,0,tavily,1
0,cleartax.in,0,0,0,0,0,tavily,1
0,bajajfinserv.in,0,0,0,0,0,tavily,1
0,data.imf.org,0,0,0,0,0,tavily,1
0,costar.com,0,0,0,0,0,tavily,1
0,teneohg.com,0,0,0,0,0,tavily,1
0,engine.com,0,0,0,0,0,tavily,1
0,loveexploring.com,0,0,0,0,0,tavily,1
0,lottenypalace.com,0,0,0,0,0,tavily,1
0,hindustantimes.com,0,0,0,0,0,tavily,1
0,justdial.com,0,0,0,0,0,tavily,1
0,pib.gov.in,0,0,0,0,0,tavily,1
0,pmindia.gov.in,0,0,0,0,0,tavily,1
0,pressreader.com,0,0,0,0,0,tavily,1
0,en.wikipedia.org,0,0,0,0,0,firecrawl,225
0,facebook.com,0,0,0,0,0,firecrawl,181
0,instagram.com,0,0,0,0,0,firecrawl,71
0,youtube.com,0,0,0,0,0,firecrawl,69
0,nobelprize.org,0,0,0,0,0,firecrawl,67
0,reddit.com,0,0,0,0,0,firecrawl,56
0,boxofficemojo.com,0,0,0,0,0,firecrawl,28
0,forbes.com,0,0,0,0,0,firecrawl,26
0,itu.int,0,0,0,0,0,firecrawl,24
0,privateequityinternational.com,0,0,0,0,0,firecrawl,24
0,imf.org,0,0,0,0,0,firecrawl,24
0,olympics.com,0,0,0,0,0,firecrawl,23
0,neo.ssa.esa.int,0,0,0,0,0,firecrawl,22
0,goodreads.com,0,0,0,0,0,firecrawl,22
0,reuters.com,0,0,0,0,0,firecrawl,17
0,britannica.com,0,0,0,0,0,firecrawl,16
0,transportation.gov,0,0,0,0,0,firecrawl,16
0,quora.com,0,0,0,0,0,firecrawl,15
0,imdb.com,0,0,0,0,0,firecrawl,15
0,tiktok.com,0,0,0,0,0,firecrawl,13
0,linkedin.com,0,0,0,0,0,firecrawl,12
0,learn.microsoft.com,0,0,0,0,0,firecrawl,12
0,scribd.com,0,0,0,0,0,firecrawl,11
0,espn.com,0,0,0,0,0,firecrawl,11
0,statista.com,0,0,0,0,0,firecrawl,11
0,unstats.un.org,0,0,0,0,0,firecrawl,11
0,jamieoliver.com,0,0,0,0,0,firecrawl,11
0,grokipedia.com,0,0,0,0,0,firecrawl,10
0,pmc.ncbi.nlm.nih.gov,0,0,0,0,0,firecrawl,10
0,grammy.com,0,0,0,0,0,firecrawl,10
0,bbc.com,0,0,0,0,0,firecrawl,10
0,wtatennis.com,0,0,0,0,0,firecrawl,10
0,2025.emnlp.org,0,0,0,0,0,firecrawl,9
0,rosap.ntl.bts.gov,0,0,0,0,0,firecrawl,9
0,blog.google,0,0,0,0,0,firecrawl,9
0,nytimes.com,0,0,0,0,0,firecrawl,8
0,cdc.gov,0,0,0,0,0,firecrawl,8
0,lasd.org,0,0,0,0,0,firecrawl,8
0,dotnet.microsoft.com,0,0,0,0,0,firecrawl,8
0,atptour.com,0,0,0,0,0,firecrawl,7
0,fifa.com,0,0,0,0,0,firecrawl,7
0,odmp.org,0,0,0,0,0,firecrawl,7
0,rottentomatoes.com,0,0,0,0,0,firecrawl,7
0,nasa.gov,0,0,0,0,0,firecrawl,6
0,x.com,0,0,0,0,0,firecrawl,6
0,yahoo.com,0,0,0,0,0,firecrawl,6
0,cnn.com,0,0,0,0,0,firecrawl,6
0,thedocs.worldbank.org,0,0,0,0,0,firecrawl,6
0,esa.int,0,0,0,0,0,firecrawl,6
0,topendsports.com,0,0,0,0,0,firecrawl,6
0,pbs.org,0,0,0,0,0,firecrawl,6
0,the-numbers.com,0,0,0,0,0,firecrawl,6
0,search.itu.int,0,0,0,0,0,firecrawl,5
0,sports.yahoo.com,0,0,0,0,0,firecrawl,5
0,timesofindia.indiatimes.com,0,0,0,0,0,firecrawl,5
0,investopedia.com,0,0,0,0,0,firecrawl,5
0,finance.yahoo.com,0,0,0,0,0,firecrawl,5
0,npr.org,0,0,0,0,0,firecrawl,5
0,scmp.com,0,0,0,0,0,firecrawl,5
0,editorial.rottentomatoes.com,0,0,0,0,0,firecrawl,5
0,sciencedirect.com,0,0,0,0,0,firecrawl,5
0,olympedia.org,0,0,0,0,0,firecrawl,5
0,history.state.gov,0,0,0,0,0,firecrawl,5
0,topuniversities.com,0,0,0,0,0,firecrawl,5
0,bts.gov,0,0,0,0,0,firecrawl,5
0,transfermarkt.us,0,0,0,0,0,firecrawl,5
0,rsssf.org,0,0,0,0,0,firecrawl,5
0,immunizationdata.who.int,0,0,0,0,0,firecrawl,5
0,publichealth.jhu.edu,0,0,0,0,0,firecrawl,5
0,who.int,0,0,0,0,0,firecrawl,5
0,data.worldbank.org,0,0,0,0,0,firecrawl,5
0,hoophall.com,0,0,0,0,0,firecrawl,5
0,threads.com,0,0,0,0,0,firecrawl,4
0,chess.com,0,0,0,0,0,firecrawl,4
0,guinnessworldrecords.com,0,0,0,0,0,firecrawl,4
0,si.com,0,0,0,0,0,firecrawl,4
0,businessinsider.com,0,0,0,0,0,firecrawl,4
0,brandwatch.com,0,0,0,0,0,firecrawl,4
0,aljazeera.com,0,0,0,0,0,firecrawl,4
0,congress.gov,0,0,0,0,0,firecrawl,4
0,nbcnews.com,0,0,0,0,0,firecrawl,4
0,epidemicsound.com,0,0,0,0,0,firecrawl,4
0,arlingtontransit.com,0,0,0,0,0,firecrawl,4
0,formula1.com,0,0,0,0,0,firecrawl,4
0,nbc.com,0,0,0,0,0,firecrawl,4
0,gov.uk,0,0,0,0,0,firecrawl,4
0,foodstandards.gov.au,0,0,0,0,0,firecrawl,4
0,fpa.es,0,0,0,0,0,firecrawl,4
0,anl.gov,0,0,0,0,0,firecrawl,3
0,hpe.com,0,0,0,0,0,firecrawl,3
0,top500.org,0,0,0,0,0,firecrawl,3
0,adventurepakistan.com,0,0,0,0,0,firecrawl,3
0,summitpost.org,0,0,0,0,0,firecrawl,3
0,apricottours.pk,0,0,0,0,0,firecrawl,3
0,cantorsparadise.com,0,0,0,0,0,firecrawl,3
0,byjus.com,0,0,0,0,0,firecrawl,3
0,en.namu.wiki,0,0,0,0,0,firecrawl,3
0,play.google.com,0,0,0,0,0,firecrawl,3
0,apps.apple.com,0,0,0,0,0,firecrawl,3
0,tripadvisor.com,0,0,0,0,0,firecrawl,3
0,mnacommunity.com,0,0,0,0,0,firecrawl,3
0,firmroom.com,0,0,0,0,0,firecrawl,3
0,dealroom.net,0,0,0,0,0,firecrawl,3
0,documents1.worldbank.org,0,0,0,0,0,firecrawl,3
0,medium.com,0,0,0,0,0,firecrawl,3
0,simple.wikipedia.org,0,0,0,0,0,firecrawl,3
0,sheriff33.lasd.org,0,0,0,0,0,firecrawl,3
0,fao.org,0,0,0,0,0,firecrawl,3
0,researchgate.net,0,0,0,0,0,firecrawl,3
0,cbc.ca,0,0,0,0,0,firecrawl,3
0,letterboxd.com,0,0,0,0,0,firecrawl,3
0,theguardian.com,0,0,0,0,0,firecrawl,3
0,science.nasa.gov,0,0,0,0,0,firecrawl,3
0,sahitya-akademi.gov.in,0,0,0,0,0,firecrawl,3
0,commons.wikimedia.org,0,0,0,0,0,firecrawl,3
0,disasterphilanthropy.org,0,0,0,0,0,firecrawl,3
0,worldpopulationreview.com,0,0,0,0,0,firecrawl,3
0,census.gov,0,0,0,0,0,firecrawl,3
0,deadline.com,0,0,0,0,0,firecrawl,3
0,tennisworldusa.org,0,0,0,0,0,firecrawl,3
0,sportingnews.com,0,0,0,0,0,firecrawl,3
0,animationmagazine.net,0,0,0,0,0,firecrawl,3
0,eonline.com,0,0,0,0,0,firecrawl,3
0,koimoi.com,0,0,0,0,0,firecrawl,3
0,realmadrid.com,0,0,0,0,0,firecrawl,3
0,fda.gov,0,0,0,0,0,firecrawl,3
0,inspection.canada.ca,0,0,0,0,0,firecrawl,3
0,publications.gc.ca,0,0,0,0,0,firecrawl,3
0,easy.vegas,0,0,0,0,0,firecrawl,3
0,architectureofthegames.net,0,0,0,0,0,firecrawl,3
0,alternate-universes.fandom.com,0,0,0,0,0,firecrawl,3
0,eia.gov,0,0,0,0,0,firecrawl,3
0,statmuse.com,0,0,0,0,0,firecrawl,3
0,worldometers.info,0,0,0,0,0,firecrawl,3
0,energy.gov,0,0,0,0,0,firecrawl,2
0,news.uchicago.edu,0,0,0,0,0,firecrawl,2
0,blogs.nvidia.com,0,0,0,0,0,firecrawl,2
0,bristol.ac.uk,0,0,0,0,0,firecrawl,2
0,peakbagger.com,0,0,0,0,0,firecrawl,2
0,worldatlas.com,0,0,0,0,0,firecrawl,2
0,pamirtimes.net,0,0,0,0,0,firecrawl,2
0,nittoatpfinals.com,0,0,0,0,0,firecrawl,2
0,swimmingworldmagazine.com,0,0,0,0,0,firecrawl,2
0,sacsportshof.com,0,0,0,0,0,firecrawl,2
0,nbcolympics.com,0,0,0,0,0,firecrawl,2
0,dukesplus.com,0,0,0,0,0,firecrawl,2
0,lodgerin.com,0,0,0,0,0,firecrawl,2
0,prayersandpiazzas.com,0,0,0,0,0,firecrawl,2
0,pubmed.ncbi.nlm.nih.gov,0,0,0,0,0,firecrawl,2
0,math.stackexchange.com,0,0,0,0,0,firecrawl,2
0,influize.com,0,0,0,0,0,firecrawl,2
0,japan.kantei.go.jp,0,0,0,0,0,firecrawl,2
0,face.meei.harvard.edu,0,0,0,0,0,firecrawl,2
0,latimes.com,0,0,0,0,0,firecrawl,2
0,sctinfo.com,0,0,0,0,0,firecrawl,2
0,uber.com,0,0,0,0,0,firecrawl,2
0,naval-encyclopedia.com,0,0,0,0,0,firecrawl,2
0,military-history.fandom.com,0,0,0,0,0,firecrawl,2
0,cia.gov,0,0,0,0,0,firecrawl,2
0,apps.dtic.mil,0,0,0,0,0,firecrawl,2
0,testbook.com,0,0,0,0,0,firecrawl,2
0,dauhomemade.vn,0,0,0,0,0,firecrawl,2
0,idealsvdr.com,0,0,0,0,0,firecrawl,2
0,icpas.org,0,0,0,0,0,firecrawl,2
0,dataroom-providers.org,0,0,0,0,0,firecrawl,2
0,coronavirus.jhu.edu,0,0,0,0,0,firecrawl,2
0,ourworldindata.org,0,0,0,0,0,firecrawl,2
0,corporate.visa.com,0,0,0,0,0,firecrawl,2
0,nbclosangeles.com,0,0,0,0,0,firecrawl,2
0,e.vnexpress.net,0,0,0,0,0,firecrawl,2
0,koreanfilm.or.kr,0,0,0,0,0,firecrawl,2
0,impact.seti.org,0,0,0,0,0,firecrawl,2
0,iopscience.iop.org,0,0,0,0,0,firecrawl,2
0,cneos.jpl.nasa.gov,0,0,0,0,0,firecrawl,2
0,ntrs.nasa.gov,0,0,0,0,0,firecrawl,2
0,nafsa.org,0,0,0,0,0,firecrawl,2
0,newsnationnow.com,0,0,0,0,0,firecrawl,2
0,qs.com,0,0,0,0,0,firecrawl,2
0,climate.gov,0,0,0,0,0,firecrawl,2
0,time.com,0,0,0,0,0,firecrawl,2
0,statisticstimes.com,0,0,0,0,0,firecrawl,2
0,filmsite.org,0,0,0,0,0,firecrawl,2
0,itftennis.com,0,0,0,0,0,firecrawl,2
0,romancelandia.fandom.com,0,0,0,0,0,firecrawl,2
0,nature.com,0,0,0,0,0,firecrawl,2
0,routenote.com,0,0,0,0,0,firecrawl,2
0,arlingtonva.us,0,0,0,0,0,firecrawl,2
0,data.bts.gov,0,0,0,0,0,firecrawl,2
0,lifestyleasia.com,0,0,0,0,0,firecrawl,2
0,cloud.google.com,0,0,0,0,0,firecrawl,2
0,about.google,0,0,0,0,0,firecrawl,2
0,google.com,0,0,0,0,0,firecrawl,2
0,motorsporttickets.com,0,0,0,0,0,firecrawl,2
0,formulaonehistory.com,0,0,0,0,0,firecrawl,2
0,mostlyf1.com,0,0,0,0,0,firecrawl,2
0,people.com,0,0,0,0,0,firecrawl,2
0,dailymail.com,0,0,0,0,0,firecrawl,2
0,amt.copernicus.org,0,0,0,0,0,firecrawl,2
0,hrb.ie,0,0,0,0,0,firecrawl,2
0,drugsandalcohol.ie,0,0,0,0,0,firecrawl,2
0,export.flandersinvestmentandtrade.com,0,0,0,0,0,firecrawl,2
0,idataportal.afro.who.int,0,0,0,0,0,firecrawl,2
0,moodle.mtu.edu.ng,0,0,0,0,0,firecrawl,2
0,worldathletics.org,0,0,0,0,0,firecrawl,2
0,yorktest.com,0,0,0,0,0,firecrawl,2
0,canada.ca,0,0,0,0,0,firecrawl,2
0,foodallergycanada.ca,0,0,0,0,0,firecrawl,2
0,correctfoodsystems.com.au,0,0,0,0,0,firecrawl,2
0,wwwnc.cdc.gov,0,0,0,0,0,firecrawl,2
0,weforum.org,0,0,0,0,0,firecrawl,2
0,dw.com,0,0,0,0,0,firecrawl,2
0,rwlasvegas.com,0,0,0,0,0,firecrawl,2
0,awards.acm.org,0,0,0,0,0,firecrawl,2
0,community.cadence.com,0,0,0,0,0,firecrawl,2
0,storyboard18.com,0,0,0,0,0,firecrawl,2
0,artsci.utoronto.ca,0,0,0,0,0,firecrawl,2
0,whereig.com,0,0,0,0,0,firecrawl,2
0,mashable.com,0,0,0,0,0,firecrawl,2
0,socialblade.com,0,0,0,0,0,firecrawl,2
0,amazon.com,0,0,0,0,0,firecrawl,2
0,historic-uk.com,0,0,0,0,0,firecrawl,2
0,bbc.co.uk,0,0,0,0,0,firecrawl,2
0,epa.gov,0,0,0,0,0,firecrawl,2
0,chesswizards.com,0,0,0,0,0,firecrawl,2
0,growthcapadvisory.com,0,0,0,0,0,firecrawl,2
0,eqtgroup.com,0,0,0,0,0,firecrawl,2
0,stachecow.com,0,0,0,0,0,firecrawl,2
0,cvc.com,0,0,0,0,0,firecrawl,2
0,landofbasketball.com,0,0,0,0,0,firecrawl,2
0,nba.com,0,0,0,0,0,firecrawl,2
0,brandmentions.com,0,0,0,0,0,firecrawl,2
0,data.imf.org,0,0,0,0,0,firecrawl,2
0,beta.datahub.itu.int,0,0,0,0,0,firecrawl,1
0,llnl.gov,0,0,0,0,0,firecrawl,1
0,olcf.ornl.gov,0,0,0,0,0,firecrawl,1
0,community.hpe.com,0,0,0,0,0,firecrawl,1
0,utahnewsdispatch.com,0,0,0,0,0,firecrawl,1
0,thequantuminsider.com,0,0,0,0,0,firecrawl,1
0,hpcwire.com,0,0,0,0,0,firecrawl,1
0,aiplusinfo.medium.com,0,0,0,0,0,firecrawl,1
0,m.facebook.com,0,0,0,0,0,firecrawl,1
0,cyfronet.pl,0,0,0,0,0,firecrawl,1
0,tadviser.com,0,0,0,0,0,firecrawl,1
0,summitkarakoram.com,0,0,0,0,0,firecrawl,1
0,hunzaadventuretours.com.pk,0,0,0,0,0,firecrawl,1
0,peakvisor.com,0,0,0,0,0,firecrawl,1
0,publications.americanalpineclub.org,0,0,0,0,0,firecrawl,1
0,marca.com,0,0,0,0,0,firecrawl,1
0,sofascore.com,0,0,0,0,0,firecrawl,1
0,flashscoreusa.com,0,0,0,0,0,firecrawl,1
0,tennis-warehouse.com,0,0,0,0,0,firecrawl,1
0,sportstar.thehindu.com,0,0,0,0,0,firecrawl,1
0,fide.com,0,0,0,0,0,firecrawl,1
0,mapsofworld.com,0,0,0,0,0,firecrawl,1
0,en.chessbase.com,0,0,0,0,0,firecrawl,1
0,diy.org,0,0,0,0,0,firecrawl,1
0,famousbirthdays.com,0,0,0,0,0,firecrawl,1
0,ishof.org,0,0,0,0,0,firecrawl,1
0,capitolweekly.net,0,0,0,0,0,firecrawl,1
0,teamusa.com,0,0,0,0,0,firecrawl,1
0,boston.com,0,0,0,0,0,firecrawl,1
0,brusselstimes.com,0,0,0,0,0,firecrawl,1
0,enterpriseasia.org,0,0,0,0,0,firecrawl,1
0,en.norohy.com,0,0,0,0,0,firecrawl,1
0,asianpastrycup.com,0,0,0,0,0,firecrawl,1
0,whereandwhatintheworld.com,0,0,0,0,0,firecrawl,1
0,thehill.com,0,0,0,0,0,firecrawl,1
0,complex.com,0,0,0,0,0,firecrawl,1
0,aleteia.org,0,0,0,0,0,firecrawl,1
0,cards.algoreducation.com,0,0,0,0,0,firecrawl,1
0,ita.travel,0,0,0,0,0,firecrawl,1
0,unibo.it,0,0,0,0,0,firecrawl,1
0,plato.stanford.edu,0,0,0,0,0,firecrawl,1
0,mastersportal.com,0,0,0,0,0,firecrawl,1
0,vedantu.com,0,0,0,0,0,firecrawl,1
0,indico.ict.inaf.it,0,0,0,0,0,firecrawl,1
0,visititaly.eu,0,0,0,0,0,firecrawl,1
0,collegeraptor.com,0,0,0,0,0,firecrawl,1
0,dresden.academic.wlu.edu,0,0,0,0,0,firecrawl,1
0,math.uchicago.edu,0,0,0,0,0,firecrawl,1
0,brilliant.org,0,0,0,0,0,firecrawl,1
0,benvitalenum3ers.wordpress.com,0,0,0,0,0,firecrawl,1
0,brainly.in,0,0,0,0,0,firecrawl,1
0,focustutoring.com,0,0,0,0,0,firecrawl,1
0,math.answers.com,0,0,0,0,0,firecrawl,1
0,marketing4ecommerce.net,0,0,0,0,0,firecrawl,1
0,socialboosting.com,0,0,0,0,0,firecrawl,1
0,guardian.ng,0,0,0,0,0,firecrawl,1
0,bristoluniversitypressdigital.com,0,0,0,0,0,firecrawl,1
0,japan-forward.com,0,0,0,0,0,firecrawl,1
0,aa.com.tr,0,0,0,0,0,firecrawl,1
0,japantimes.co.jp,0,0,0,0,0,firecrawl,1
0,drivemond.app,0,0,0,0,0,firecrawl,1
0,digittrix.com,0,0,0,0,0,firecrawl,1
0,ronakataglowid.medium.com,0,0,0,0,0,firecrawl,1
0,chooseapp.in,0,0,0,0,0,firecrawl,1
0,ridexpress.in,0,0,0,0,0,firecrawl,1
0,olacabs.com,0,0,0,0,0,firecrawl,1
0,indiasomeday.com,0,0,0,0,0,firecrawl,1
0,warsearcher.com,0,0,0,0,0,firecrawl,1
0,nara.getarchive.net,0,0,0,0,0,firecrawl,1
0,covid.fabriciano.mg.gov.br,0,0,0,0,0,firecrawl,1
0,internationalboundarycommission.org,0,0,0,0,0,firecrawl,1
0,www150.statcan.gc.ca,0,0,0,0,0,firecrawl,1
0,darts501.com,0,0,0,0,0,firecrawl,1
0,darts-uk.co.uk,0,0,0,0,0,firecrawl,1
0,world-of-darts.fandom.com,0,0,0,0,0,firecrawl,1
0,news.bet365.com,0,0,0,0,0,firecrawl,1
0,pdc.tv,0,0,0,0,0,firecrawl,1
0,dartskins.co.uk,0,0,0,0,0,firecrawl,1
0,flashscore.com,0,0,0,0,0,firecrawl,1
0,junglebosstours.com,0,0,0,0,0,firecrawl,1
0,ftripvietnam.com,0,0,0,0,0,firecrawl,1
0,bun-dau-homemade.goto-where.com,0,0,0,0,0,firecrawl,1
0,vietnammm.com,0,0,0,0,0,firecrawl,1
0,bbn.gov.pl,0,0,0,0,0,firecrawl,1
0,armamentresearch.com,0,0,0,0,0,firecrawl,1
0,muzeumwl.pl,0,0,0,0,0,firecrawl,1
0,imaa-institute.org,0,0,0,0,0,firecrawl,1
0,ansarada.com,0,0,0,0,0,firecrawl,1
0,mascience.com,0,0,0,0,0,firecrawl,1
0,uk.practicallaw.thomsonreuters.com,0,0,0,0,0,firecrawl,1
0,roadtrips.com,0,0,0,0,0,firecrawl,1
0,skysports.com,0,0,0,0,0,firecrawl,1
0,tandfonline.com,0,0,0,0,0,firecrawl,1
0,rsfjournal.org,0,0,0,0,0,firecrawl,1
0,seforall.org,0,0,0,0,0,firecrawl,1
0,coedat.nato.int,0,0,0,0,0,firecrawl,1
0,wabe.org,0,0,0,0,0,firecrawl,1
0,data.who.int,0,0,0,0,0,firecrawl,1
0,cfpublic.org,0,0,0,0,0,firecrawl,1
0,sooleader.com,0,0,0,0,0,firecrawl,1
0,unmc.edu,0,0,0,0,0,firecrawl,1
0,idahostatesman.com,0,0,0,0,0,firecrawl,1
0,nbcwashington.com,0,0,0,0,0,firecrawl,1
0,barrons.com,0,0,0,0,0,firecrawl,1
0,fintechmagazine.com,0,0,0,0,0,firecrawl,1
0,fisglobal.com,0,0,0,0,0,firecrawl,1
0,globaldata.com,0,0,0,0,0,firecrawl,1
0,elavon.com,0,0,0,0,0,firecrawl,1
0,checkout.com,0,0,0,0,0,firecrawl,1
0,cardrates.com,0,0,0,0,0,firecrawl,1
0,connectpay.com,0,0,0,0,0,firecrawl,1
0,depic.ai,0,0,0,0,0,firecrawl,1
0,stripe.com,0,0,0,0,0,firecrawl,1
0,financialcontent.com,0,0,0,0,0,firecrawl,1
0,totalmusicawards.com,0,0,0,0,0,firecrawl,1
0,faroutmagazine.co.uk,0,0,0,0,0,firecrawl,1
0,popvortex.com,0,0,0,0,0,firecrawl,1
0,davesmusicdatabase.blogspot.com,0,0,0,0,0,firecrawl,1
0,news.artnet.com,0,0,0,0,0,firecrawl,1
0,artsy.net,0,0,0,0,0,firecrawl,1
0,laspa.org,0,0,0,0,0,firecrawl,1
0,police1.com,0,0,0,0,0,firecrawl,1
0,pars.lasd.org,0,0,0,0,0,firecrawl,1
0,lapdonline.org,0,0,0,0,0,firecrawl,1
0,api.nobelprize.org,0,0,0,0,0,firecrawl,1
0,fortune.com,0,0,0,0,0,firecrawl,1
0,english.elpais.com,0,0,0,0,0,firecrawl,1
0,teaboard.gov.in,0,0,0,0,0,firecrawl,1
0,jstor.org,0,0,0,0,0,firecrawl,1
0,ageconsearch.umn.edu,0,0,0,0,0,firecrawl,1
0,m.economictimes.com,0,0,0,0,0,firecrawl,1
0,iref.net,0,0,0,0,0,firecrawl,1
0,historyofceylontea.com,0,0,0,0,0,firecrawl,1
0,asia.nikkei.com,0,0,0,0,0,firecrawl,1
0,dgciskol.gov.in,0,0,0,0,0,firecrawl,1
0,thoibao.de,0,0,0,0,0,firecrawl,1
0,vietnamnews.vn,0,0,0,0,0,firecrawl,1
0,en.vietnamplus.vn,0,0,0,0,0,firecrawl,1
0,vietnamnet.vn,0,0,0,0,0,firecrawl,1
0,nitiforstates.gov.in,0,0,0,0,0,firecrawl,1
0,sec.gov,0,0,0,0,0,firecrawl,1
0,openaccept.org,0,0,0,0,0,firecrawl,1
0,aclanthology.org,0,0,0,0,0,firecrawl,1
0,2024.emnlp.org,0,0,0,0,0,firecrawl,1
0,github.com,0,0,0,0,0,firecrawl,1
0,aclweb.org,0,0,0,0,0,firecrawl,1
0,papercopilot.com,0,0,0,0,0,firecrawl,1
0,kinit.sk,0,0,0,0,0,firecrawl,1
0,iranpress.com,0,0,0,0,0,firecrawl,1
0,tehrantimes.com,0,0,0,0,0,firecrawl,1
0,thesefootballtimes.co,0,0,0,0,0,firecrawl,1
0,mlb.com,0,0,0,0,0,firecrawl,1
0,baseball-reference.com,0,0,0,0,0,firecrawl,1
0,nbcmiami.com,0,0,0,0,0,firecrawl,1
0,space.com,0,0,0,0,0,firecrawl,1
0,meteoroids2025.gfo.rocks,0,0,0,0,0,firecrawl,1
0,amsmeteors.org,0,0,0,0,0,firecrawl,1
0,arxiv.org,0,0,0,0,0,firecrawl,1
0,ecoportal.net,0,0,0,0,0,firecrawl,1
0,cnet.com,0,0,0,0,0,firecrawl,1
0,nas.nasa.gov,0,0,0,0,0,firecrawl,1
0,ares.jsc.nasa.gov,0,0,0,0,0,firecrawl,1
0,svs.gsfc.nasa.gov,0,0,0,0,0,firecrawl,1
0,science.gsfc.nasa.gov,0,0,0,0,0,firecrawl,1
0,watchers.news,0,0,0,0,0,firecrawl,1
0,ideas.esa.int,0,0,0,0,0,firecrawl,1
0,indico.esa.int,0,0,0,0,0,firecrawl,1
0,conference.sdo.esoc.esa.int,0,0,0,0,0,firecrawl,1
0,thelistwire.usatoday.com,0,0,0,0,0,firecrawl,1
0,nbcdfw.com,0,0,0,0,0,firecrawl,1
0,youtube.fandom.com,0,0,0,0,0,firecrawl,1
0,ballotpedia.org,0,0,0,0,0,firecrawl,1
0,axios.com,0,0,0,0,0,firecrawl,1
0,ine.org.pl,0,0,0,0,0,firecrawl,1
0,nationalgeographic.com,0,0,0,0,0,firecrawl,1
0,pewresearch.org,0,0,0,0,0,firecrawl,1
0,schroders.com,0,0,0,0,0,firecrawl,1
0,federalreservehistory.org,0,0,0,0,0,firecrawl,1
0,poetsandquantsforundergrads.com,0,0,0,0,0,firecrawl,1
0,poetsandquants.com,0,0,0,0,0,firecrawl,1
0,studential.com,0,0,0,0,0,firecrawl,1
0,thebiglead.com,0,0,0,0,0,firecrawl,1
0,timeshighereducation.com,0,0,0,0,0,firecrawl,1
0,usnews.com,0,0,0,0,0,firecrawl,1
0,headwaterseconomics.org,0,0,0,0,0,firecrawl,1
0,ktla.com,0,0,0,0,0,firecrawl,1
0,oehha.ca.gov,0,0,0,0,0,firecrawl,1
0,emlab.ucsb.edu,0,0,0,0,0,firecrawl,1
0,mecco.colorado.edu,0,0,0,0,0,firecrawl,1
0,eli.org,0,0,0,0,0,firecrawl,1
0,atlanticcouncil.org,0,0,0,0,0,firecrawl,1
0,books.openbookpublishers.com,0,0,0,0,0,firecrawl,1
0,documents.worldbank.org,0,0,0,0,0,firecrawl,1
0,mi-psc.my.site.com,0,0,0,0,0,firecrawl,1
0,mid.ru,0,0,0,0,0,firecrawl,1
0,mansionglobal.com,0,0,0,0,0,firecrawl,1
0,wliw.org,0,0,0,0,0,firecrawl,1
0,pbssocal.org,0,0,0,0,0,firecrawl,1
0,weta.org,0,0,0,0,0,firecrawl,1
0,geographyrealm.com,0,0,0,0,0,firecrawl,1
0,billboard.com,0,0,0,0,0,firecrawl,1
0,tennisstats.com,0,0,0,0,0,firecrawl,1
0,tennis365.com,0,0,0,0,0,firecrawl,1
0,lemon8-app.com,0,0,0,0,0,firecrawl,1
0,firefortysix.com,0,0,0,0,0,firecrawl,1
0,ghibli.fandom.com,0,0,0,0,0,firecrawl,1
0,screenrant.com,0,0,0,0,0,firecrawl,1
0,listchallenges.com,0,0,0,0,0,firecrawl,1
0,uploads-ssl.webflow.com,0,0,0,0,0,firecrawl,1
0,fictiondb.com,0,0,0,0,0,firecrawl,1
0,noaa.gov,0,0,0,0,0,firecrawl,1
0,commercial.allianz.com,0,0,0,0,0,firecrawl,1
0,weather.gov,0,0,0,0,0,firecrawl,1
0,hypotheticalhurricanes.fandom.com,0,0,0,0,0,firecrawl,1
0,ncei.noaa.gov,0,0,0,0,0,firecrawl,1
0,convoyofhope.org,0,0,0,0,0,firecrawl,1
0,tropical.colostate.edu,0,0,0,0,0,firecrawl,1
0,wusf.org,0,0,0,0,0,firecrawl,1
0,sos.noaa.gov,0,0,0,0,0,firecrawl,1
0,news.un.org,0,0,0,0,0,firecrawl,1
0,tropicalstormrisk.com,0,0,0,0,0,firecrawl,1
0,environmenthalfcentury.princeton.edu,0,0,0,0,0,firecrawl,1
0,earthsky.org,0,0,0,0,0,firecrawl,1
0,foxweather.com,0,0,0,0,0,firecrawl,1
0,nhc.noaa.gov,0,0,0,0,0,firecrawl,1
0,washingtonpost.com,0,0,0,0,0,firecrawl,1
0,mountaincountryradio.com,0,0,0,0,0,firecrawl,1
0,tropical.atmos.colostate.edu,0,0,0,0,0,firecrawl,1
0,de.wikipedia.org,0,0,0,0,0,firecrawl,1
0,ar.wikipedia.org,0,0,0,0,0,firecrawl,1
0,content.govdelivery.com,0,0,0,0,0,firecrawl,1
0,ajot.com,0,0,0,0,0,firecrawl,1
0,chartmasters.org,0,0,0,0,0,firecrawl,1
0,kworb.net,0,0,0,0,0,firecrawl,1
0,cuemath.com,0,0,0,0,0,firecrawl,1
0,nationalarchives.gov.uk,0,0,0,0,0,firecrawl,1
0,allen.in,0,0,0,0,0,firecrawl,1
0,blog.innovamat.com,0,0,0,0,0,firecrawl,1
0,projecteuler.net,0,0,0,0,0,firecrawl,1
0,teachoo.com,0,0,0,0,0,firecrawl,1
0,m.allfootballapp.com,0,0,0,0,0,firecrawl,1
0,kids.kiddle.co,0,0,0,0,0,firecrawl,1
0,latinoamerica21.com,0,0,0,0,0,firecrawl,1
0,2009-2017.state.gov,0,0,0,0,0,firecrawl,1
0,bbva.com,0,0,0,0,0,firecrawl,1
0,opb.org,0,0,0,0,0,firecrawl,1
0,vre.org,0,0,0,0,0,firecrawl,1
0,stayarlington.com,0,0,0,0,0,firecrawl,1
0,vapassengerrailauthority.org,0,0,0,0,0,firecrawl,1
0,vgin.vdem.virginia.gov,0,0,0,0,0,firecrawl,1
0,storymaps.arcgis.com,0,0,0,0,0,firecrawl,1
0,mwcog.org,0,0,0,0,0,firecrawl,1
0,catalog.data.gov,0,0,0,0,0,firecrawl,1
0,transtats.bts.gov,0,0,0,0,0,firecrawl,1
0,thepfsa.co.uk,0,0,0,0,0,firecrawl,1
0,merriam-webster.com,0,0,0,0,0,firecrawl,1
0,dictionary.cambridge.org,0,0,0,0,0,firecrawl,1
0,dictionary.com,0,0,0,0,0,firecrawl,1
0,vocabulary.com,0,0,0,0,0,firecrawl,1
0,grammarly.com,0,0,0,0,0,firecrawl,1
0,proofed.com,0,0,0,0,0,firecrawl,1
0,learningenglish.voanews.com,0,0,0,0,0,firecrawl,1
0,collinsdictionary.com,0,0,0,0,0,firecrawl,1
0,dexerto.com,0,0,0,0,0,firecrawl,1
0,viralyft.com,0,0,0,0,0,firecrawl,1
0,watchmojo.com,0,0,0,0,0,firecrawl,1
0,datacenterdynamics.com,0,0,0,0,0,firecrawl,1
0,gulfbusiness.com,0,0,0,0,0,firecrawl,1
0,techcrunch.com,0,0,0,0,0,firecrawl,1
0,au.int,0,0,0,0,0,firecrawl,1
0,googlecloudpresscorner.com,0,0,0,0,0,firecrawl,1
0,officesnapshots.com,0,0,0,0,0,firecrawl,1
0,statsf1.com,0,0,0,0,0,firecrawl,1
0,motorsportmagazine.com,0,0,0,0,0,firecrawl,1
0,carlogos.org,0,0,0,0,0,firecrawl,1
0,f1-fansite.com,0,0,0,0,0,firecrawl,1
0,visualcapitalist.com,0,0,0,0,0,firecrawl,1
0,lofficielusa.com,0,0,0,0,0,firecrawl,1
0,africa.espn.com,0,0,0,0,0,firecrawl,1
0,cafonline.com,0,0,0,0,0,firecrawl,1
0,disneystudios.com,0,0,0,0,0,firecrawl,1
0,thewaltdisneycompany.com,0,0,0,0,0,firecrawl,1
0,variety.com,0,0,0,0,0,firecrawl,1
0,cartoonbrew.com,0,0,0,0,0,firecrawl,1
0,worldofreel.com,0,0,0,0,0,firecrawl,1
0,catwithmonocle.com,0,0,0,0,0,firecrawl,1
0,sportsbusinessjournal.com,0,0,0,0,0,firecrawl,1
0,liveabout.com,0,0,0,0,0,firecrawl,1
0,hudsonvalleyone.com,0,0,0,0,0,firecrawl,1
0,wftv.com,0,0,0,0,0,firecrawl,1
0,ajc.com,0,0,0,0,0,firecrawl,1
0,gametime.co,0,0,0,0,0,firecrawl,1
0,mansionbet.com,0,0,0,0,0,firecrawl,1
0,mindandlife.org,0,0,0,0,0,firecrawl,1
0,gatesnotes.com,0,0,0,0,0,firecrawl,1
0,americanmonk.org,0,0,0,0,0,firecrawl,1
0,thubtenchodron.org,0,0,0,0,0,firecrawl,1
0,buddhism.hku.hk,0,0,0,0,0,firecrawl,1
0,kb.mcu.ac.th,0,0,0,0,0,firecrawl,1
0,santifm.org,0,0,0,0,0,firecrawl,1
0,buddhistchannel.tv,0,0,0,0,0,firecrawl,1
0,bbrmusicgroup.com,0,0,0,0,0,firecrawl,1
0,apnews.com,0,0,0,0,0,firecrawl,1
0,ealingtimes.co.uk,0,0,0,0,0,firecrawl,1
0,nineforbrands.com.au,0,0,0,0,0,firecrawl,1
0,dailymail.co.uk,0,0,0,0,0,firecrawl,1
0,getstealery.com,0,0,0,0,0,firecrawl,1
0,salestools.io,0,0,0,0,0,firecrawl,1
0,sacnilk.com,0,0,0,0,0,firecrawl,1
0,google137.weebly.com,0,0,0,0,0,firecrawl,1
0,exa.ai,0,0,0,0,0,firecrawl,1
0,volcano.si.edu,0,0,0,0,0,firecrawl,1
0,usgs.gov,0,0,0,0,0,firecrawl,1
0,volcano.oregonstate.edu,0,0,0,0,0,firecrawl,1
0,etonline.com,0,0,0,0,0,firecrawl,1
0,goldderby.com,0,0,0,0,0,firecrawl,1
0,tvseriesfinale.com,0,0,0,0,0,firecrawl,1
0,sportbible.com,0,0,0,0,0,firecrawl,1
0,sportico.com,0,0,0,0,0,firecrawl,1
0,forbes.lu,0,0,0,0,0,firecrawl,1
0,foxsports.com,0,0,0,0,0,firecrawl,1
0,uefa.com,0,0,0,0,0,firecrawl,1
0,worldfootball.net,0,0,0,0,0,firecrawl,1
0,kylianmbappe.com,0,0,0,0,0,firecrawl,1
0,goal.com,0,0,0,0,0,firecrawl,1
0,fotmob.com,0,0,0,0,0,firecrawl,1
0,premierleague.com,0,0,0,0,0,firecrawl,1
0,education.gov.in,0,0,0,0,0,firecrawl,1
0,swaplanguage.com,0,0,0,0,0,firecrawl,1
0,wp.nyu.edu,0,0,0,0,0,firecrawl,1
0,academicjournal.ijraw.com,0,0,0,0,0,firecrawl,1
0,rte.ie,0,0,0,0,0,firecrawl,1
0,journals.sagepub.com,0,0,0,0,0,firecrawl,1
0,vietnamairlines.com,0,0,0,0,0,firecrawl,1
0,travellerspoint.com,0,0,0,0,0,firecrawl,1
0,mit.edu,0,0,0,0,0,firecrawl,1
0,ftp.cs.princeton.edu,0,0,0,0,0,firecrawl,1
0,advisor.morningstar.com,0,0,0,0,0,firecrawl,1
0,mcdonalds.vn,0,0,0,0,0,firecrawl,1
0,mcdelivery.vn,0,0,0,0,0,firecrawl,1
0,gvsu.edu,0,0,0,0,0,firecrawl,1
0,publications.aap.org,0,0,0,0,0,firecrawl,1
0,bmj.com,0,0,0,0,0,firecrawl,1
0,unicef.org,0,0,0,0,0,firecrawl,1
0,libguides.mskcc.org,0,0,0,0,0,firecrawl,1
0,dataportal.afro.who.int,0,0,0,0,0,firecrawl,1
0,olympic.ca,0,0,0,0,0,firecrawl,1
0,data.usaswimming.org,0,0,0,0,0,firecrawl,1
0,worldaquatics.com,0,0,0,0,0,firecrawl,1
0,swimswam.com,0,0,0,0,0,firecrawl,1
0,food.gov.uk,0,0,0,0,0,firecrawl,1
0,allergyuk.org,0,0,0,0,0,firecrawl,1
0,anaphylaxis.org.uk,0,0,0,0,0,firecrawl,1
0,foodallergyfriends.co.uk,0,0,0,0,0,firecrawl,1
0,menusano.com,0,0,0,0,0,firecrawl,1
0,complichef.co.uk,0,0,0,0,0,firecrawl,1
0,ncass.org.uk,0,0,0,0,0,firecrawl,1
0,fsis.usda.gov,0,0,0,0,0,firecrawl,1
0,registrarcorp.com,0,0,0,0,0,firecrawl,1
0,farrp.unl.edu,0,0,0,0,0,firecrawl,1
0,cirs-group.com,0,0,0,0,0,firecrawl,1
0,foodallergy.org,0,0,0,0,0,firecrawl,1
0,askafoodtech.com.au,0,0,0,0,0,firecrawl,1
0,foodallergyaware.org.au,0,0,0,0,0,firecrawl,1
0,agriculture.gov.au,0,0,0,0,0,firecrawl,1
0,ashbury.global,0,0,0,0,0,firecrawl,1
0,kculture.com,0,0,0,0,0,firecrawl,1
0,chosun.com,0,0,0,0,0,firecrawl,1
0,genderdata.worldbank.org,0,0,0,0,0,firecrawl,1
0,ipu.org,0,0,0,0,0,firecrawl,1
0,localgov.unwomen.org,0,0,0,0,0,firecrawl,1
0,archive.ipu.org,0,0,0,0,0,firecrawl,1
0,everycrsreport.com,0,0,0,0,0,firecrawl,1
0,ritachemaly.wordpress.com,0,0,0,0,0,firecrawl,1
0,sunstar.com.ph,0,0,0,0,0,firecrawl,1
0,newsroom.ap.org,0,0,0,0,0,firecrawl,1
0,arcgis.com,0,0,0,0,0,firecrawl,1
0,coopercenter.org,0,0,0,0,0,firecrawl,1
0,eadiv.state.wy.us,0,0,0,0,0,firecrawl,1
0,prb.org,0,0,0,0,0,firecrawl,1
0,ers.usda.gov,0,0,0,0,0,firecrawl,1
0,cdn.who.int,0,0,0,0,0,firecrawl,1
0,thelancet.com,0,0,0,0,0,firecrawl,1
0,cda.gov.sg,0,0,0,0,0,firecrawl,1
0,virological.org,0,0,0,0,0,firecrawl,1
0,aphlblog.org,0,0,0,0,0,firecrawl,1
0,reliefweb.int,0,0,0,0,0,firecrawl,1
0,ecdc.europa.eu,0,0,0,0,0,firecrawl,1
0,straitstimes.com,0,0,0,0,0,firecrawl,1
0,voanews.com,0,0,0,0,0,firecrawl,1
0,outbreaknewstoday.substack.com,0,0,0,0,0,firecrawl,1
0,thedirect.com,0,0,0,0,0,firecrawl,1
0,screendollars.com,0,0,0,0,0,firecrawl,1
0,no.hotels.com,0,0,0,0,0,firecrawl,1
0,mswayexpress.com,0,0,0,0,0,firecrawl,1
0,thestrat.com,0,0,0,0,0,firecrawl,1
0,hilton.com,0,0,0,0,0,firecrawl,1
0,wired.com,0,0,0,0,0,firecrawl,1
0,nyu.edu,0,0,0,0,0,firecrawl,1
0,dl.acm.org,0,0,0,0,0,firecrawl,1
0,yann.lecun.com,0,0,0,0,0,firecrawl,1
0,nsf.gov,0,0,0,0,0,firecrawl,1
0,cs.nyu.edu,0,0,0,0,0,firecrawl,1
0,web.cs.toronto.edu,0,0,0,0,0,firecrawl,1
0,analyticsindiamag.com,0,0,0,0,0,firecrawl,1
0,mila.quebec,0,0,0,0,0,firecrawl,1
0,english.news.cn,0,0,0,0,0,firecrawl,1
0,teenvogue.com,0,0,0,0,0,firecrawl,1
0,vogue.co.uk,0,0,0,0,0,firecrawl,1
0,allure.com,0,0,0,0,0,firecrawl,1
0,elle.com.au,0,0,0,0,0,firecrawl,1
0,today.com,0,0,0,0,0,firecrawl,1
0,cbsnews.com,0,0,0,0,0,firecrawl,1
0,comscore.com,0,0,0,0,0,firecrawl,1
0,upi.com,0,0,0,0,0,firecrawl,1
0,ca.news.yahoo.com,0,0,0,0,0,firecrawl,1
0,rolcruise.co.uk,0,0,0,0,0,firecrawl,1
0,jat-football.fandom.com,0,0,0,0,0,firecrawl,1
0,kaggle.com,0,0,0,0,0,firecrawl,1
0,planetfootball.com,0,0,0,0,0,firecrawl,1
0,hypeauditor.com,0,0,0,0,0,firecrawl,1
0,socialfollowers.uk,0,0,0,0,0,firecrawl,1
0,nealschaffer.com,0,0,0,0,0,firecrawl,1
0,notcommon.com,0,0,0,0,0,firecrawl,1
0,de.scribd.com,0,0,0,0,0,firecrawl,1
0,tokfluence.com,0,0,0,0,0,firecrawl,1
0,noxinfluencer.com,0,0,0,0,0,firecrawl,1
0,creatorsjet.com,0,0,0,0,0,firecrawl,1
0,keywordtool.io,0,0,0,0,0,firecrawl,1
0,bookseriesinorder.com,0,0,0,0,0,firecrawl,1
0,harpercollins.com,0,0,0,0,0,firecrawl,1
0,addall.com,0,0,0,0,0,firecrawl,1
0,fisherandfarmer.com,0,0,0,0,0,firecrawl,1
0,tertulia.com,0,0,0,0,0,firecrawl,1
0,betterworldbooks.com,0,0,0,0,0,firecrawl,1
0,thebookseller.com,0,0,0,0,0,firecrawl,1
0,jamieolivergroup.com,0,0,0,0,0,firecrawl,1
0,penguin.co.uk,0,0,0,0,0,firecrawl,1
0,itsnicethat.com,0,0,0,0,0,firecrawl,1
0,thetimes.com,0,0,0,0,0,firecrawl,1
0,london.eater.com,0,0,0,0,0,firecrawl,1
0,instituteforgovernment.org.uk,0,0,0,0,0,firecrawl,1
0,history.com,0,0,0,0,0,firecrawl,1
0,badmintonmuseum.org,0,0,0,0,0,firecrawl,1
0,sportsnerdy.com,0,0,0,0,0,firecrawl,1
0,fred.stlouisfed.org,0,0,0,0,0,firecrawl,1
0,wfyi.org,0,0,0,0,0,firecrawl,1
0,in.gov,0,0,0,0,0,firecrawl,1
0,wri.org,0,0,0,0,0,firecrawl,1
0,afdc.energy.gov,0,0,0,0,0,firecrawl,1
0,chooseenergy.com,0,0,0,0,0,firecrawl,1
0,crimsonglobalacademy.school,0,0,0,0,0,firecrawl,1
0,devblogs.microsoft.com,0,0,0,0,0,firecrawl,1
0,blog.inedo.com,0,0,0,0,0,firecrawl,1
0,infoq.com,0,0,0,0,0,firecrawl,1
0,tuxcare.com,0,0,0,0,0,firecrawl,1
0,theweathernetwork.com,0,0,0,0,0,firecrawl,1
0,kpsfund.com,0,0,0,0,0,firecrawl,1
0,expertnetworkcalls.com,0,0,0,0,0,firecrawl,1
0,thinkingaheadinstitute.org,0,0,0,0,0,firecrawl,1
0,mckinsey.com,0,0,0,0,0,firecrawl,1
0,media.privateequityinternational.com,0,0,0,0,0,firecrawl,1
0,matrixbcg.com,0,0,0,0,0,firecrawl,1
0,quartr.com,0,0,0,0,0,firecrawl,1
0,swottemplate.com,0,0,0,0,0,firecrawl,1
0,portersfiveforce.com,0,0,0,0,0,firecrawl,1
0,businessabc.net,0,0,0,0,0,firecrawl,1
0,ig.cvc.com,0,0,0,0,0,firecrawl,1
0,forex.com,0,0,0,0,0,firecrawl,1
0,swfinstitute.org,0,0,0,0,0,firecrawl,1
0,wayra.de,0,0,0,0,0,firecrawl,1
0,hgcapital.com,0,0,0,0,0,firecrawl,1
0,peakframeworks.com,0,0,0,0,0,firecrawl,1
0,asianprivatebanker.com,0,0,0,0,0,firecrawl,1
0,altaroc.pe,0,0,0,0,0,firecrawl,1
0,crunchbase.com,0,0,0,0,0,firecrawl,1
0,fadeawayworld.net,0,0,0,0,0,firecrawl,1
0,basketball-reference.com,0,0,0,0,0,firecrawl,1
0,interbasket.net,0,0,0,0,0,firecrawl,1
0,nypost.com,0,0,0,0,0,firecrawl,1
0,uproxx.com,0,0,0,0,0,firecrawl,1
0,mojo-app.com,0,0,0,0,0,firecrawl,1
0,prestigeonline.com,0,0,0,0,0,firecrawl,1
0,bizjournals.com,0,0,0,0,0,firecrawl,1
0,forbes.com.au,0,0,0,0,0,firecrawl,1
0,economyinsights.com,0,0,0,0,0,firecrawl,1
0,forbesindia.com,0,0,0,0,0,firecrawl,1
0,bajajfinserv.in,0,0,0,0,0,firecrawl,1
0,elibrary.imf.org,0,0,0,0,0,firecrawl,1
0,wits.worldbank.org,0,0,0,0,0,firecrawl,1
0,ratepunk.com,0,0,0,0,0,firecrawl,1
0,scrapehero.com,0,0,0,0,0,firecrawl,1
0,costar.com,0,0,0,0,0,firecrawl,1
0,xmap.ai,0,0,0,0,0,firecrawl,1
0,teneohg.com,0,0,0,0,0,firecrawl,1
0,engine.com,0,0,0,0,0,firecrawl,1
0,travelzork.com,0,0,0,0,0,firecrawl,1
0,lasvegasthenandnow.com,0,0,0,0,0,firecrawl,1
0,secretlasvegas.co,0,0,0,0,0,firecrawl,1
0,pmindia.gov.in,0,0,0,0,0,firecrawl,1
0,justdial.com,0,0,0,0,0,firecrawl,1
0,pressreader.com,0,0,0,0,0,firecrawl,1
0,hindustantimes.com,0,0,0,0,0,firecrawl,1
0,abmssdelhi.org,0,0,0,0,0,firecrawl,1
